molecule_id,SMILES,MaxAbsEStateIndex,MaxEStateIndex,MinAbsEStateIndex,MinEStateIndex,qed,SPS,MolWt,HeavyAtomMolWt,ExactMolWt,NumValenceElectrons,NumRadicalElectrons,MaxPartialCharge,MinPartialCharge,MaxAbsPartialCharge,MinAbsPartialCharge,FpDensityMorgan1,FpDensityMorgan2,FpDensityMorgan3,BCUT2D_MWHI,BCUT2D_MWLOW,BCUT2D_CHGHI,BCUT2D_CHGLO,BCUT2D_LOGPHI,BCUT2D_LOGPLOW,BCUT2D_MRHI,BCUT2D_MRLOW,AvgIpc,BalabanJ,BertzCT,Chi0,Chi0n,Chi0v,Chi1,Chi1n,Chi1v,Chi2n,Chi2v,Chi3n,Chi3v,Chi4n,Chi4v,HallKierAlpha,Ipc,Kappa1,Kappa2,Kappa3,LabuteASA,PEOE_VSA1,PEOE_VSA10,PEOE_VSA11,PEOE_VSA12,PEOE_VSA13,PEOE_VSA14,PEOE_VSA2,PEOE_VSA3,PEOE_VSA4,PEOE_VSA5,PEOE_VSA6,PEOE_VSA7,PEOE_VSA8,PEOE_VSA9,SMR_VSA1,SMR_VSA10,SMR_VSA2,SMR_VSA3,SMR_VSA4,SMR_VSA5,SMR_VSA6,SMR_VSA7,SMR_VSA8,SMR_VSA9,SlogP_VSA1,SlogP_VSA10,SlogP_VSA11,SlogP_VSA12,SlogP_VSA2,SlogP_VSA3,SlogP_VSA4,SlogP_VSA5,SlogP_VSA6,SlogP_VSA7,SlogP_VSA8,SlogP_VSA9,TPSA,EState_VSA1,EState_VSA10,EState_VSA11,EState_VSA2,EState_VSA3,EState_VSA4,EState_VSA5,EState_VSA6,EState_VSA7,EState_VSA8,EState_VSA9,VSA_EState1,VSA_EState10,VSA_EState2,VSA_EState3,VSA_EState4,VSA_EState5,VSA_EState6,VSA_EState7,VSA_EState8,VSA_EState9,FractionCSP3,HeavyAtomCount,NHOHCount,NOCount,NumAliphaticCarbocycles,NumAliphaticHeterocycles,NumAliphaticRings,NumAmideBonds,NumAromaticCarbocycles,NumAromaticHeterocycles,NumAromaticRings,NumAtomStereoCenters,NumBridgeheadAtoms,NumHAcceptors,NumHDonors,NumHeteroatoms,NumHeterocycles,NumRotatableBonds,NumSaturatedCarbocycles,NumSaturatedHeterocycles,NumSaturatedRings,NumSpiroAtoms,NumUnspecifiedAtomStereoCenters,Phi,RingCount,MolLogP,MolMR,fr_Al_COO,fr_Al_OH,fr_Al_OH_noTert,fr_ArN,fr_Ar_COO,fr_Ar_N,fr_Ar_NH,fr_Ar_OH,fr_COO,fr_COO2,fr_C_O,fr_C_O_noCOO,fr_C_S,fr_HOCCN,fr_Imine,fr_NH0,fr_NH1,fr_NH2,fr_N_O,fr_Ndealkylation1,fr_Ndealkylation2,fr_Nhpyrrole,fr_SH,fr_aldehyde,fr_alkyl_carbamate,fr_alkyl_halide,fr_allylic_oxid,fr_amide,fr_amidine,fr_aniline,fr_aryl_methyl,fr_azide,fr_azo,fr_barbitur,fr_benzene,fr_benzodiazepine,fr_bicyclic,fr_diazo,fr_dihydropyridine,fr_epoxide,fr_ester,fr_ether,fr_furan,fr_guanido,fr_halogen,fr_hdrzine,fr_hdrzone,fr_imidazole,fr_imide,fr_isocyan,fr_isothiocyan,fr_ketone,fr_ketone_Topliss,fr_lactam,fr_lactone,fr_methoxy,fr_morpholine,fr_nitrile,fr_nitro,fr_nitro_arom,fr_nitro_arom_nonortho,fr_nitroso,fr_oxazole,fr_oxime,fr_para_hydroxylation,fr_phenol,fr_phenol_noOrthoHbond,fr_phos_acid,fr_phos_ester,fr_piperdine,fr_piperzine,fr_priamide,fr_prisulfonamd,fr_pyridine,fr_quatN,fr_sulfide,fr_sulfonamd,fr_sulfone,fr_term_acetylene,fr_tetrazole,fr_thiazole,fr_thiocyan,fr_thiophene,fr_unbrch_alkane,fr_urea
CAND_0001,CC(=O)c1ccc2nc(-c3ccccc3)n(O)c2c1,11.36584864,11.36584864,0.037628601,-0.037628601,0.562758119,10.78947368,252.273,240.177,252.0898776,94,0,0.176061993,-0.426261305,0.426261305,0.176061993,1.157894737,1.894736842,2.578947368,16.46990016,10.12968038,2.124826331,-2.004025216,2.235710971,-1.95516533,5.972338218,0.101302694,2.765321761,2.236675016,742.3092881,13.40541292,10.36869123,10.36869123,9.164703798,5.94726881,5.94726881,4.372918741,4.372918741,3.069090897,3.069090897,2.056221079,2.056221079,-2.62,2.765321761,11.46926413,4.242357076,1.869212263,109.4486203,5.207253025,5.516700718,11.60764944,0,0,0,4.794537184,4.983978521,4.730407642,0,30.33183534,25.12283841,11.12690298,5.516700718,10.00179021,16.81664638,0,9.714386163,0,6.9237372,0,54.09438804,0,11.38785599,0,0,0,0,20.70488413,0,0,17.28172588,48.53093655,0,22.42125742,0,55.12,0,10.00179021,0,5.783244946,22.42125742,10.29385913,6.9237372,18.19910121,30.33183534,4.983978521,0,1.024907407,0,15.75045749,10.19202381,2.574808149,0.431169585,14.52925592,0,1.497377646,0,0.066666667,19,1,4,0,0,0,0,2,1,3,0,0,4,1,4,1,2,0,0,0,0,0,2.560879675,3,3.1432,72.358,0,0,0,0,0,2,0,0,0,0,1,1,0,0,0,2,0,0,0,0,0,0,0,0,0,0,0,0,0,0,0,0,0,0,2,0,1,0,0,0,0,0,0,0,0,0,0,1,0,0,0,1,1,0,0,0,0,0,0,0,0,0,0,0,0,0,0,0,0,0,0,0,0,0,0,0,0,0,0,0,0,0,0,0,0
CAND_0002,Cc1cccc(C2CC(N[C@@H](C)C(=O)NCc3ccco3)C2)c1,12.09462561,12.09462561,0.014264403,-0.186646563,0.861432503,21.47826087,312.413,288.221,312.183778,122,0,0.236732144,-0.46747648,0.46747648,0.236732144,1.304347826,2.130434783,2.826086957,16.33334638,9.751101382,2.3157749,-2.375938062,2.367582401,-2.500116715,5.807662781,-0.122931483,3.007033237,1.409755572,625.8177388,16.23384004,13.71131962,13.71131962,11.11419354,8.242810308,8.242810308,6.464911454,6.464911454,4.547541607,4.547541607,3.119883704,3.119883704,-2.07,3.007033237,15.81159626,7.005041129,4.0185489,136.8227209,15.05072815,5.760247419,0,5.907179729,0,0,4.794537184,0,0,0,29.82891977,50.30320932,6.041840829,18.84976023,9.211688121,5.907179729,0,10.63357721,0,51.23546176,0,59.54851581,0,0,10.63357721,0,0,0,17.99086139,11.33929359,6.9237372,42.57043689,47.07851634,0,0,0,54.27,0,4.794537184,0,11.94902056,18.50450328,18.60189066,11.12690298,6.263162996,19.05647134,41.82278268,4.417150937,5.21462398,0,12.09462561,6.311438042,2.724588083,1.402676995,12.63031033,3.807024691,4.481378937,0,0.421052632,23,2,4,1,0,1,1,1,1,2,1,0,3,2,4,1,6,1,0,1,0,0,4.815690526,3,3.12852,90.0944,0,0,0,0,0,0,0,0,0,0,1,1,0,0,0,0,2,0,0,0,0,0,0,0,0,0,0,1,0,0,1,0,0,0,1,0,0,0,0,0,0,0,1,0,0,0,0,0,0,0,0,0,0,0,0,0,0,0,0,0,0,0,0,0,0,0,0,0,0,0,0,0,0,0,0,0,0,0,0,0,0,0,0,0,0
CAND_0003,O=S(=O)(c1ccc(NC(=S)N2CCOCC2)cc1)N1CCCCC1,12.62567278,12.62567278,0.340037845,-3.381973629,0.821301091,19.91666667,369.512,346.328,369.1180836,132,0,0.24256701,-0.377774863,0.377774863,0.24256701,1,1.625,2.25,32.23343769,10.16781546,2.252979941,-2.2909993,2.217401522,-2.424128942,7.887419863,0.069019973,2.634567146,1.649459933,629.7836554,16.99335306,13.60903075,15.24202391,11.57051678,8.311391146,10.15970276,6.018696349,8.34332966,4.35669081,6.629820272,2.933535222,4.751039517,-1.22,2.634567146,17.59814398,7.774810393,4.054431238,148.3717928,14.95356129,0,5.112436885,10.02329115,0,0,0,8.417796984,4.305215991,0,6.420821623,49.32498496,31.8664119,18.1092474,13.15465994,33.04098776,0,9.205125722,0,24.15794834,44.70957816,24.26546827,0,0,5.316788604,5.687386275,0,12.21787344,62.12814914,14.76015411,0,19.26246487,29.16095175,0,0,0,61.88,10.02329115,8.417796984,0,0,36.3111971,38.03936396,0,28.57068427,0,10.21669833,16.9547364,32.14245848,5.397452687,2.392834582,3.806673507,0.795449998,0,6.828921958,2.979404571,4.122111182,-3.381973629,0.5625,24,1,6,0,2,2,0,1,0,1,0,0,4,1,8,2,3,0,2,2,0,0,5.700926362,3,1.8902,97.6645,0,0,0,0,0,0,0,0,0,0,0,0,1,0,0,2,1,0,0,0,0,0,0,0,0,0,0,0,0,1,0,0,0,0,1,0,0,0,0,0,0,1,0,0,0,0,0,0,0,0,0,0,0,0,0,0,1,0,0,0,0,0,0,0,0,0,0,0,0,1,0,0,0,0,0,0,1,0,0,0,0,0,0,0,0
CAND_0004,C=C1CC[C@@H](O)[C@]2(C)CC[C@@](O)(C(C)(C)O)C[C@@H]12,10.69243859,10.69243859,0.103171296,-1.114077853,0.627279121,45.77777778,254.37,228.162,254.1881947,104,0,0.093359015,-0.392527602,0.392527602,0.093359015,1.333333333,1.944444444,2.5,16.35126225,9.526129753,2.555425053,-2.557098952,2.556819322,-2.589234961,5.182519928,-0.187479532,2.255546649,2.299905273,345.5400362,13.76758471,11.73898201,11.73898201,8.100789184,6.905701423,6.905701423,7.065851371,7.065851371,5.546862486,5.546862486,3.714504361,3.714504361,-0.38,2.255546649,14.03810834,4.055732915,1.927398972,109.5298765,15.31958218,0,0,0,0,0,0,0,0,0,19.07577741,51.86948856,5.414990469,17.30606801,15.31958218,0,0,0,11.33289652,70.18138772,0,12.15204021,0,0,0,0,0,0,32.62565019,0,11.33289652,52.87531971,12.15204021,0,0,0,60.69,11.20210162,15.31958218,0,17.4368629,12.84164325,24.8355694,0,13.8474744,0,13.50267288,0,0,0,0,31.14749221,-1.258105631,0.103171296,0,3.04624504,9.544530423,0,0.866666667,18,3,3,2,0,2,0,0,0,0,4,0,3,3,3,0,1,2,0,2,0,0,3.163045447,2,2.0057,71.0764,0,3,1,0,0,0,0,0,0,0,0,0,0,0,0,0,0,0,0,0,0,0,0,0,0,0,1,0,0,0,0,0,0,0,0,0,1,0,0,0,0,0,0,0,0,0,0,0,0,0,0,0,0,0,0,0,0,0,0,0,0,0,0,0,0,0,0,0,0,0,0,0,0,0,0,0,0,0,0,0,0,0,0,0,0
CAND_0005,Cc1ccc(S(=O)(=O)NC(=O)Nc2ccccc2C(=O)/C=C/c2ccncc2)cc1,12.5665445,12.5665445,0.034355771,-4.042593853,0.465263915,11.23333333,421.478,402.326,421.1096271,152,0,0.332658393,-0.30641753,0.332658393,0.30641753,0.933333333,1.6,2.3,32.23327223,10.07339639,2.18516756,-2.109265513,2.173172179,-2.342807636,7.896838733,0.104368061,2.727946328,1.738419817,1152.22267,21.56226716,16.07135882,16.8878554,14.34817378,8.969645706,10.45280895,6.396390349,8.078792591,4.132332318,5.47922443,2.589442484,3.496784818,-3.78,2.727946328,20.94155048,9.145537342,5.390329963,174.0838915,5.316788604,0,5.783244946,0,10.02329115,6.031114512,9.778515705,17.93442903,0,0,35.90493987,54.96141121,17.95713863,10.58286975,18.00687135,33.60105699,0,9.706073385,0,11.81922068,5.316788604,95.82373241,0,0,10.03888347,10.48192346,0,0,25.21613496,10.02329115,6.9237372,21.48489166,84.02886141,0,6.076020107,0,105.23,16.05440567,18.00687135,0,21.92956619,0,11.12690298,24.27512131,60.93427673,11.64583206,10.30076712,0,26.6846627,0,28.72742768,2.432935799,2.111630324,-0.343422252,14.96698738,6.218712684,1.826992876,-4.042593853,0.045454545,30,2,7,0,0,0,2,2,1,3,0,0,5,2,8,1,6,0,0,0,0,0,6.38405773,3,3.79652,114.5627,0,0,0,0,0,1,0,0,0,0,2,2,0,0,0,1,2,0,0,0,0,0,0,0,0,0,1,2,0,1,1,0,0,0,2,0,0,0,0,0,0,0,0,0,0,0,0,0,0,0,0,1,0,0,0,0,0,0,0,0,0,0,0,0,1,0,0,0,0,0,0,0,0,1,0,0,1,0,0,0,0,0,0,0,1
CAND_0006,O=[N+]([O-])c1ccc(/C=N/N=C/c2ccc(O)cc2)o1,10.3740085,10.3740085,0.169950331,-0.627924539,0.516817723,11.36842105,259.221,250.149,259.0593058,96,0,0.433061647,-0.507966236,0.507966236,0.433061647,1.105263158,1.789473684,2.421052632,16.64842324,10.21387632,2.093277869,-1.908332306,2.134040689,-1.827712781,5.810891699,-0.401729094,2.856485634,1.985696703,603.742797,13.66492594,9.632401407,9.632401407,9.147867046,5.246409114,5.246409114,3.513783007,3.513783007,2.144078118,2.144078118,1.260345453,1.260345453,-2.96,2.856485634,12.49570764,5.584921875,3.497757081,107.2207013,9.523678332,10.67282288,5.760247419,0,0,5.884182202,10.11431827,0,10.20281505,0,0,35.89528683,0,18.49556823,14.44698938,18.31338336,0,0,10.20281505,0,0,57.83621959,0,5.749511833,0,5.884182202,5.749511833,0,22.4590396,0,10.11431827,11.32369891,51.0181684,0,0,0,101.23,4.923311049,10.11431827,0,17.39394145,0,5.563451492,36.69466943,12.13273414,0,10.20281505,9.523678332,4.857749179,0,9.746083956,26.90775259,0.764236531,0.071358012,9.072259292,2.747227104,0,0,0,19,1,7,0,0,0,0,1,1,2,0,0,6,1,7,1,4,0,0,0,0,0,3.673028997,2,2.3464,68.6572,0,0,0,0,0,0,0,1,0,0,0,0,0,0,0,3,0,0,0,0,0,0,0,0,0,0,0,0,0,0,0,0,0,0,1,0,0,0,0,0,0,0,1,0,0,0,0,0,0,0,0,0,0,0,0,0,0,0,1,0,0,0,0,0,0,1,1,0,0,0,0,0,0,0,0,0,0,0,0,0,0,0,0,0,0
CAND_0007,O=C1/C(=C/c2ccc(O)c(O)c2)CNC/C1=C\c1ccc(O)c(O)c1,12.63761747,12.63761747,0.139926304,-0.249165168,0.423552066,18,339.347,322.211,339.1106726,128,0,0.187125918,-0.504259632,0.504259632,0.187125918,0.72,1.16,1.56,16.30647087,9.952634788,2.200062113,-2.179165593,2.279858555,-2.323217786,6.142190824,-0.112156008,2.578827997,1.894101111,803.4064782,17.97432702,13.23011839,13.23011839,11.93556075,7.64353318,7.64353318,5.768132932,5.768132932,3.89493946,3.89493946,2.594632797,2.594632797,-3.25,2.578827997,16.60229917,6.702590446,3.642793608,143.5463742,25.74289818,0,28.78129228,0,0,0,4.794537184,0,0,0,12.13273414,47.54441147,24.23572187,0,25.22064676,17.93528516,0,5.316788604,0,0,13.08951281,58.67131445,0,22.99804733,5.316788604,0,22.99804733,0,39.29886734,4.794537184,0,11.12690298,47.54441147,0,12.15204021,0,110.02,0,25.22064676,0,28.78129228,35.36262486,0,24.26546827,24.28477435,0,5.316788604,0,0,0,12.63761747,40.94208621,2.239940646,-1.077203908,8.685284705,3.297196502,0.775078368,0,0.105263158,25,5,6,0,1,1,0,2,0,2,0,0,6,5,6,1,2,0,1,1,0,0,4.451136471,3,2.1483,93.3739,0,0,0,0,0,0,0,4,0,0,1,1,0,0,0,0,1,0,0,0,0,0,0,0,0,0,0,0,0,0,0,0,0,0,2,0,0,0,0,0,0,0,0,0,0,0,0,0,0,0,0,1,1,0,0,0,0,0,0,0,0,0,0,0,0,4,4,0,0,1,0,0,0,0,0,0,0,0,0,0,0,0,0,0,0
CAND_0008,Cc1cc(C)nc(-n2nc(-c3ccccc3)cc2-c2ccccc2)n1,4.800963719,4.800963719,0.595864985,0.595864985,0.551876246,10.8,326.403,308.259,326.1531466,122,0,0.251059222,-0.216435626,0.251059222,0.216435626,0.68,1.24,1.84,15.35473908,10.09756572,2.147786944,-2.071002784,2.27310906,-2.065226918,5.69372409,0.80236093,3.078396443,1.937586315,968.6599776,17.22540387,14.21705761,14.21705761,12.20350994,8.241315328,8.241315328,6.009379715,6.009379715,4.008392389,4.008392389,2.90012954,2.90012954,-3.27,3.078396443,15.26898252,6.321024013,3.062541864,146.3790994,0,0,0,0,5.948339281,0,0,9.967957042,9.780484743,0,60.66367068,25.98020854,22.51475897,11.38785599,0,0,0,19.74844179,0,13.8474744,0,84.18426081,0,28.46309825,0,0,0,0,19.74844179,0,13.8474744,11.38785599,72.79640482,0,28.46309825,0,43.6,0,0,0,0,5.948339281,33.90261496,0,0,60.99384681,40.29979238,5.098681808,1.831018519,0,9.173558516,4.800963719,5.894404919,0.595864985,24.42248772,0,3.948368292,0,0.095238095,25,0,4,0,0,0,0,2,2,4,0,0,4,0,4,2,3,0,0,0,0,0,3.860624206,4,4.61314,99.5,0,0,0,0,0,4,0,0,0,0,0,0,0,0,0,4,0,0,0,0,0,0,0,0,0,0,0,0,0,0,2,0,0,0,2,0,0,0,0,0,0,0,0,0,0,0,0,0,0,0,0,0,0,0,0,0,0,0,0,0,0,0,0,0,0,0,0,0,0,0,0,0,0,0,0,0,0,0,0,0,0,0,0,0,0
CAND_0009,Cc1nc(CN2CCCC2c2c(C)nn(C)c2Cl)no1,6.390541628,6.390541628,0.287042706,0.287042706,0.870062674,19.9,295.774,277.63,295.1199879,108,0,0.22306741,-0.339633773,0.339633773,0.22306741,1.4,2.2,2.8,35.49569699,10.05952086,2.313265839,-2.226291665,2.374834911,-2.23520693,6.300575896,0.2372175,3.047455436,1.848808996,593.5820618,14.2756564,11.92805813,12.68398708,9.558550648,6.782059389,7.160023862,5.27162761,5.629640697,3.807186503,4.255410312,2.95445255,3.254944507,-1.4,3.047455436,13.57700066,5.179477979,2.334375,122.257518,4.523094937,5.153109817,5.824404498,5.890723922,0,0,9.581712666,0,10.08266033,0,16.75760315,26.31013685,25.5767015,12.2386844,4.523094937,11.60093989,0,24.82103625,7.047671983,39.27571488,6.544756406,28.12561772,0,0,0,0,0,11.60093989,31.36579266,13.59242839,13.8474744,41.85599198,4.523094937,5.153109817,0,0,59.98,0,0,0,6.041840829,12.43548033,41.62129345,0,11.60554013,13.97140918,20.13923332,16.12403483,6.774326849,6.390541628,6.62648967,9.110555792,2.130163008,1.331855089,0.287042706,2.231399124,5.519737654,1.875666257,0.615384615,20,0,6,0,1,1,0,0,2,2,1,0,6,0,7,3,3,0,1,1,0,1,3.516088797,3,2.41044,74.375,0,0,0,0,0,4,0,0,0,0,0,0,0,0,0,5,0,0,0,0,1,0,0,0,0,0,0,0,0,0,3,0,0,0,0,0,0,0,0,0,0,0,0,0,1,0,0,0,0,0,0,0,0,0,0,0,0,0,0,0,0,0,0,0,0,0,0,0,0,0,0,0,0,0,0,0,0,0,0,0,0,0,0,0,0
CAND_0010,COc1ccc2c(c1)CCNC2,5.159852608,5.159852608,0.968194444,0.968194444,0.674245454,15.41666667,163.22,150.116,163.099714,64,0,0.118655624,-0.496757591,0.496757591,0.118655624,1.333333333,2.25,3.083333333,16.46528409,10.00997395,2.076648938,-2.167309153,2.193619768,-2.228438844,5.364060913,0.413242112,2.169703196,2.356039841,273.3668413,8.388905057,7.261619442,7.261619442,5.898178148,4.26461987,4.26461987,3.061417484,3.061417484,2.2999984,2.2999984,1.580559165,1.580559165,-1.02,2.169703196,7.61990903,3.151589643,1.299185461,72.54874784,10.05365156,5.749511833,0,0,0,0,0,0,0,0,6.066367068,36.22521515,6.544756406,7.109797541,4.736862954,0,0,5.316788604,0,12.96557803,13.65455395,29.32600419,0,5.749511833,10.05365156,0,5.749511833,0,13.65455395,12.96557803,0,11.12690298,18.19910121,0,0,0,21.26,0,0,0,0,0,25.25984627,11.12690298,7.109797541,6.066367068,17.44952274,4.736862954,5.159852608,0,0,3.337589522,2.828842593,0.968194444,6.293981481,1.117592593,2.082832577,1.711114182,0.4,12,1,2,0,1,1,0,1,0,1,0,0,2,1,2,1,1,0,0,0,0,0,2.001235532,2,1.3409,48.4047,0,0,0,0,0,0,0,0,0,0,0,0,0,0,0,0,1,0,0,0,0,0,0,0,0,0,0,0,0,0,0,0,0,0,1,0,1,0,0,0,0,1,0,0,0,0,0,0,0,0,0,0,0,0,0,1,0,0,0,0,0,0,0,0,0,0,0,0,0,0,0,0,0,0,0,0,0,0,0,0,0,0,0,0,0
CAND_0011,Cc1ccc(C(=O)O)cc1CCn1cnc2c1NC=NCC2O,11.0956833,11.0956833,0.287722742,-0.927084941,0.796081956,16.52173913,314.345,296.201,314.1378904,120,0,0.335188882,-0.477639128,0.477639128,0.335188882,1.47826087,2.304347826,3.086956522,16.36562938,10.02155113,2.194691224,-2.111186744,2.238433596,-2.085045598,5.874517701,0.069646016,2.837921884,1.807005888,739.3939579,16.39697675,12.72973823,12.72973823,11.05855065,7.367381451,7.367381451,5.522610555,5.522610555,3.970702548,3.970702548,2.628694466,2.628694466,-2.67,2.837921884,15.23433988,6.213629796,3.092086263,132.8712151,20.09694304,17.61575716,0,0,0,5.969305288,4.992404733,9.778515705,0,0,6.066367068,36.60419594,6.544756406,24.77406333,15.00759197,18.12570343,0,9.551078169,4.992404733,25.99328162,11.86154501,46.91070375,0,0,5.316788604,5.817862778,0,0,38.61673001,12.96557803,6.9237372,33.28278604,29.51882601,0,0,0,99.74,12.07327168,9.901064579,0,12.1082079,18.65950602,16.94476576,0,24.79858957,17.55720392,15.29317186,5.106527395,1.905529573,0,19.38886706,22.12927445,2.902961336,-0.19949954,5.136563145,3.194016,2.875621311,0,0.3125,23,3,7,0,1,1,0,1,1,2,1,0,6,3,7,2,4,0,0,0,0,1,4.115676009,3,1.61962,86.0108,0,1,1,0,1,2,0,0,1,1,1,0,0,0,1,3,1,0,0,0,0,0,0,0,0,0,0,0,0,1,3,0,0,0,1,0,1,0,0,0,0,0,0,0,0,0,0,1,0,0,0,0,0,0,0,0,0,0,0,0,0,0,0,0,0,0,0,0,0,0,0,0,0,0,0,0,0,0,0,0,0,0,0,0,0
CAND_0012,c1ccc2cc3c(Nc4ccc(N5CCCCC5)cc4)ccnc3cc2c1,4.562234153,4.562234153,1.017256375,1.017256375,0.449600784,14.59259259,353.469,330.285,353.1891977,134,0,0.072874725,-0.37153568,0.37153568,0.072874725,0.777777778,1.518518519,2.296296296,15.12715675,10.05778762,2.105963668,-2.284829874,2.297338896,-2.286661335,6.021013608,0.577696501,2.737698411,1.458315295,1066.094899,18.053831,15.35816433,15.35816433,13.36530598,9.763294498,9.763294498,7.294602596,7.294602596,5.476540988,5.476540988,4.004890931,4.004890931,-3.07,2.737698411,16.12905551,6.916441336,3.211092918,159.2000496,10.21669833,0,0,0,0,0,4.983978521,0,0,0,24.26546827,72.49948278,41.73473942,5.516700718,0,38.73753219,0,4.983978521,0,19.26246487,23.30621115,72.92688132,0,0,10.21669833,17.06215882,0,0,18.07349133,0,0,19.26246487,72.92688132,0,21.67537336,0,28.16,0,0,0,0,0,22.27769748,48.81181238,0,6.196843572,81.93071461,0,0,0,7.049587477,7.192806664,4.543852716,0,23.68688069,5.842662603,2.350876513,0,0.208333333,27,1,3,0,1,1,0,3,1,4,0,0,3,1,3,2,3,0,1,1,0,0,4.131691343,5,6.1219,115.0377,0,0,0,0,0,1,0,0,0,0,0,0,0,0,0,2,1,0,0,0,0,0,0,0,0,0,0,0,0,3,0,0,0,0,3,0,2,0,0,0,0,0,0,0,0,0,0,0,0,0,0,0,0,0,0,0,0,0,0,0,0,0,0,0,0,0,0,0,0,1,0,0,0,1,0,0,0,0,0,0,0,0,0,0,0
CAND_0013,C#CCOC1(c2nc3ccccc3s2)C=CC(=O)C=C1,11.34160754,11.34160754,0.063848367,-0.843287037,0.812101709,16.45,281.336,270.248,281.0510496,98,0,0.177764757,-0.346920307,0.346920307,0.177764757,1.3,2.05,2.75,32.13353997,9.977028441,2.329460379,-2.254918519,2.361283004,-2.272089278,7.182881879,-0.110452611,2.91480572,2.094613197,694.6814456,14.00178923,10.57521767,11.39171425,9.733112014,6.09333131,6.909827891,4.341683738,5.37233262,3.012882263,4.181688305,2.023941943,3.095627406,-2.22,2.91480572,12.79567189,5.044572581,2.178343226,120.1468134,4.736862954,11.61450566,11.38429576,0,0,0,4.794537184,4.983978521,0,17.76013577,18.05316846,36.43681456,0,10.21662063,9.531400138,27.33665146,0,4.983978521,0,5.601050811,6.606881965,53.5771724,0,12.34378421,0,0,0,11.33678588,17.37410543,15.13245095,12.34378421,5.007623697,48.5695487,0,10.21662063,0,39.19,5.601050811,4.794537184,0,12.39012691,0,15.22424433,23.48882609,12.15204021,24.26546827,10.90441284,11.16021285,6.843615835,1.535803099,15.93924265,0.772175926,0.068641345,2.39258485,7.865701163,11.68065208,0.15158305,0,0.125,20,0,3,1,0,1,0,1,1,2,0,0,4,0,4,1,3,0,0,0,0,0,3.227434778,3,2.8365,79.37,0,0,0,0,0,1,0,0,0,0,1,1,0,0,0,1,0,0,0,0,0,0,0,0,0,0,2,0,0,0,0,0,0,0,1,0,1,0,0,0,0,1,0,0,0,0,0,0,0,0,0,1,0,0,0,0,0,0,0,0,0,0,0,0,1,0,0,0,0,0,0,0,0,0,0,0,0,0,1,0,1,0,0,0,0
CAND_0014,Nc1nc(=O)c2c(ncn2C2O[C@H](CO)[C@@H](O)[C@H]2O)c(=O)[nH]1,12.06977553,12.06977553,0.228898337,-1.420471466,0.379303243,28.31818182,311.254,298.15,311.0865831,118,0,0.298894658,-0.393566854,0.393566854,0.298894658,1.363636364,2.090909091,2.727272727,16.56256776,10.1272723,2.43579032,-2.155887274,2.298160468,-2.328342078,5.72476089,-0.050906366,2.98430861,2.22049964,798.8786094,16.01614338,11.07923484,11.07923484,10.43475941,6.328225642,6.328225642,4.834230533,4.834230533,3.46630291,3.46630291,2.407585391,2.407585391,-2.34,2.98430861,14.59116228,5.136470694,2.07012459,121.1796919,25.79011262,23.82859988,11.74460189,5.948339281,11.11853379,0,19.14015254,4.983978521,4.983978521,0,0,0,0,12.93420204,20.05644514,16.98174072,0,19.51903521,0,24.53980033,12.34054944,27.03492823,0,0,16.85220127,5.948339281,0,0,59.75739852,4.736862954,0,6.227901171,15.91639444,0,11.03340144,0,176.58,42.26521609,19.80212916,0,16.98174072,0,10.89441972,0,0,0,14.95193556,15.57705783,6.392332058,0,33.37767676,28.85680012,3.323238491,-0.374344241,0,-3.886365636,-0.522670882,0,0.454545455,22,6,11,0,1,1,0,0,2,2,4,0,10,5,11,3,2,0,1,1,0,1,3.406685339,3,-3.3265,71.8405,0,3,3,1,0,4,1,0,0,0,0,0,0,0,0,3,1,1,0,0,0,1,0,0,0,0,0,0,0,1,0,0,0,0,0,0,1,0,0,0,0,1,0,0,0,0,0,1,0,0,0,0,0,0,0,0,0,0,0,0,0,0,0,0,0,0,0,0,0,0,0,0,0,0,0,0,0,0,0,0,0,0,0,0,0
CAND_0015,C#CCNc1ncnc2sc3c(=O)n(-c4ccc5ncsc5c4)cnc3c12,13.11844175,13.11844175,0.143735959,-0.143735959,0.476731258,11.22222222,390.453,380.373,390.0357509,130,0,0.27546166,-0.358447783,0.358447783,0.27546166,1.222222222,2.148148148,3.037037037,32.13466299,10.25328876,2.166437833,-2.053913797,2.32598855,-2.171954242,7.249718702,0.969602056,3.306492016,1.747908325,1389.32583,18.38010441,13.70937151,15.34236468,13.25835149,7.918649864,9.614799256,5.664010678,7.549428621,4.129376485,5.996094545,2.910550449,4.64636502,-3.35,3.306492016,15.87001315,6.120036274,2.460742486,159.9278649,5.316788604,33.51951998,0,0,5.559266895,0,9.361636832,19.93591408,0,29.09692165,5.920434319,18.19910121,0,33.3455268,0,59.14129644,0,24.50301373,0,0,11.86154501,46.71808471,0,18.03117049,10.8760555,5.817862778,0,22.67357176,31.04777014,0,12.34378421,0,41.15881781,0,36.33724818,0,85.59,0,4.794537184,0,5.559266895,27.40963624,21.29023112,35.32821191,10.07763892,18.19910121,31.17313701,6.423349896,3.085549913,2.833719029,31.14078858,3.781046202,3.880746201,3.100257422,5.703356851,8.312450228,0.328752243,0,0.055555556,27,1,7,0,0,0,0,1,4,5,0,0,9,1,9,4,3,0,0,0,0,0,3.597224301,5,3.0452,108.8137,0,0,0,0,0,5,0,0,0,0,0,0,0,0,0,5,1,0,0,0,0,0,0,0,0,0,0,0,0,1,0,0,0,0,1,0,4,0,0,0,0,0,0,0,0,0,0,0,0,0,0,0,0,0,0,0,0,0,0,0,0,0,0,0,0,0,0,0,0,0,0,0,0,0,0,0,0,0,1,0,1,0,1,0,0
CAND_0016,O=C(NC1CCN(Cc2ccc3ccccc3c2)CC1)c1cc(F)c(F)c(F)c1,13.33301515,13.33301515,0.077287955,-1.566158591,0.649066147,15.55172414,398.428,377.26,398.160598,150,0,0.251210496,-0.34920723,0.34920723,0.251210496,0.931034483,1.586206897,2.275862069,19.16866568,10.02103441,2.223443879,-2.320592016,2.19557006,-2.439548902,5.939845774,0.090747713,2.72664734,1.322513144,992.1377995,20.38010441,15.7983919,15.7983919,13.99120364,9.648563938,9.648563938,7.459260685,7.459260685,5.38885967,5.38885967,3.786092847,3.786092847,-2.86,2.72664734,19.45615579,8.249939094,4.42749887,166.6867497,5.316788604,0,17.45166252,0,5.907179729,0,9.694446915,13.17124514,0,0,36.39820241,47.37664437,31.23956154,0,17.96578233,16.67962816,0,10.21669833,0,25.42824048,13.08951281,83.17586912,0,0,5.316788604,13.17124514,0,0,29.9384431,6.544756406,17.45166252,28.76308341,54.59730362,0,10.77244843,0,32.34,23.35884225,17.96578233,0,11.60529232,0,44.6086466,16.33589992,0,12.13273414,40.54853368,0,39.71980226,0,14.56856727,5.224277904,1.030964291,-4.874966127,16.06282972,1.483095711,2.452095644,0,0.260869565,29,1,3,0,1,1,1,3,0,3,0,0,2,1,6,1,4,0,1,1,0,0,5.534900009,4,4.6515,106.0292,0,0,0,0,0,0,0,0,0,0,1,1,0,0,0,1,1,0,0,0,1,0,0,0,0,0,0,1,0,0,0,0,0,0,3,0,1,0,0,0,0,0,0,0,3,0,0,0,0,0,0,0,0,0,0,0,0,0,0,0,0,0,0,0,0,0,0,0,0,1,0,0,0,0,0,0,0,0,0,0,0,0,0,0,0
CAND_0017,Oc1cnnc(N/N=C/C2CC=CCC2)n1,9.04649606,9.04649606,0.172870633,-0.172870633,0.454950808,20.125,219.248,206.144,219.11201,84,0,0.265946978,-0.49204893,0.49204893,0.265946978,1.5,2.4375,3.1875,16.26589299,9.958387334,2.0576257,-2.110138147,2.153093021,-2.056517193,5.618191863,0.447952064,2.304876275,1.864217062,384.7797133,11.21733218,8.744139667,8.744139667,7.843336593,5.172766731,5.172766731,3.572689333,3.572689333,2.305639727,2.305639727,1.495113355,1.495113355,-1.98,2.304876275,10.5348927,5.199946727,3.010461153,93.12751569,5.106527395,6.196843572,0,5.879988336,5.948339281,0,0,5.425791397,10.08538605,10.19736362,12.15204021,25.18037091,6.21460058,0,5.106527395,12.16293986,0,15.18134214,11.01931357,19.26246487,5.425791397,18.34888379,0,5.879988336,5.425791397,5.948339281,5.879988336,0,26.50247011,0,5.917906046,19.26246487,23.45029131,0,0,0,83.29,0,0,0,11.82832762,5.917906046,19.26246487,6.196843572,0,6.21460058,37.86058127,5.106527395,0,0,3.698928965,20.26972412,2.633398526,0.484879273,0,10.57973578,0,0,0.4,16,2,6,1,0,1,0,0,1,1,1,0,6,2,6,1,3,0,0,0,0,1,3.423805052,2,1.3312,60.0875,0,0,0,0,0,3,0,1,0,0,0,0,0,0,0,4,1,0,0,0,0,0,0,0,0,0,2,0,0,1,0,0,0,0,0,0,0,0,0,0,0,0,0,0,0,0,1,0,0,0,0,0,0,0,0,0,0,0,0,0,0,0,0,0,0,0,0,0,0,0,0,0,0,0,0,0,0,0,0,0,0,0,0,0,0
CAND_0018,COc1ccc(Br)c2c1CCC1C(c3ccncc3)C21,5.544567744,5.544567744,0.644097222,0.644097222,0.819174879,26.6,330.225,314.097,329.0415262,102,0,0.121911506,-0.496465966,0.496465966,0.121911506,1.15,1.95,2.7,79.91873113,9.908018871,2.543689837,-2.189534956,2.664565433,-2.044534218,9.103236875,0.405683519,3.225722599,1.781185715,638.5879284,13.68986997,11.34379234,12.92978888,9.80886175,7.06160494,7.85460321,5.676517925,6.530854824,4.801360467,5.492861673,3.903437558,4.539245089,-1.35,3.225722599,12.39516905,4.589937947,1.722968083,126.8672285,4.736862954,5.749511833,0,0,0,0,4.983978521,0,0,0,15.9299439,71.55118413,16.86640666,7.109797541,4.736862954,15.9299439,0,4.983978521,5.917906046,24.67745534,7.109797541,57.82222941,0,5.749511833,4.736862954,0,5.749511833,15.9299439,12.09377606,6.420821623,5.917906046,34.94698819,41.13187493,0,0,0,22.12,0,0,0,0,11.83581209,18.0882395,27.58389561,7.109797541,12.39368714,45.17939069,4.736862954,6.780267857,3.744579633,4.132899578,0,4.305243764,3.128347768,8.530274313,6.195001417,0,1.766719003,0.352941176,20,0,2,2,0,2,0,1,1,2,3,0,2,0,3,1,2,1,0,1,0,3,2.844652839,4,4.2961,82.224,0,0,0,0,0,1,0,0,0,0,0,0,0,0,0,1,0,0,0,0,0,0,0,0,0,0,0,0,0,0,0,0,0,0,1,0,3,0,0,0,0,1,0,0,1,0,0,0,0,0,0,0,0,0,0,1,0,0,0,0,0,0,0,0,0,0,0,0,0,0,0,0,0,1,0,0,0,0,0,0,0,0,0,0,0
CAND_0019,Cc1ccc(Nc2c(-c3ccc(C)cc3)nc3ccc(C)cn23)cc1,4.867875724,4.867875724,0.94054322,0.94054322,0.525091111,11,327.431,306.263,327.1735477,124,0,0.142801928,-0.339487452,0.339487452,0.142801928,0.72,1.32,2,15.13386484,10.10188287,2.14173376,-2.09721456,2.312511179,-1.971708429,5.794363712,1.155403359,2.953380681,1.887630364,1012.272249,17.38854058,14.74528015,14.74528015,12.09735679,8.494719228,8.494719228,6.600718694,6.600718694,4.405720416,4.405720416,2.956652426,2.956652426,-3.07,2.953380681,15.45726069,6.095722814,3.008481354,147.5280884,5.316788604,17.15896799,0,0,0,0,4.400694606,4.983978521,0,0,53.59147246,44.5337643,17.44768134,0,0,17.15242627,0,9.384673127,0,20.7712116,5.316788604,83.55086873,0,11.25737949,5.316788604,11.50524905,0,0,9.384673127,0,20.7712116,16.69035448,66.86051426,0,16.90455671,0,29.33,0,0,0,0,0,28.40980576,16.69035448,0,0,97.34920907,4.983978521,2.129346183,0,4.867875724,3.563523006,7.771114418,0.992042706,21.09419107,2.121574074,6.293666147,0,0.136363636,25,1,3,0,0,0,0,2,2,4,0,0,3,1,3,2,3,0,0,0,0,0,3.768927064,4,5.67016,104.5637,0,0,0,0,0,2,0,0,0,0,0,0,0,0,0,2,1,0,0,0,0,0,0,0,0,0,0,0,0,2,3,0,0,0,2,0,1,0,0,0,0,0,0,0,0,0,0,1,0,0,0,0,0,0,0,0,0,0,0,0,0,0,0,0,0,0,0,0,0,0,0,0,0,1,0,0,0,0,0,0,0,0,0,0,0
CAND_0020,COc1cc(-c2c(-c3c(C)cc(CN)cc3C)ncn2C)ccc1C#N,9.22256238,9.22256238,0.513544623,0.513544623,0.781079386,10.61538462,346.434,324.258,346.1793613,132,0,0.136792376,-0.495350333,0.495350333,0.136792376,1.192307692,1.884615385,2.461538462,16.46580939,9.938270706,2.18332686,-2.138919595,2.364460501,-2.00276151,5.825225225,0.413403554,3.01050907,2.226064057,966.3582755,18.8445705,15.49844774,15.49844774,12.49393226,8.401340295,8.401340295,6.388294018,6.388294018,4.597448701,4.597448701,3.429015905,3.429015905,-3.1,3.01050907,17.7143417,7.025608654,2.957611286,153.2200397,15.03763008,11.81873315,0,0,0,0,0,4.983978521,5.261891555,0,18.19910121,42.67056301,24.71933137,30.3884251,4.736862954,0,5.261891555,9.551078169,12.78133946,20.39223081,7.109797541,58.91296138,0,34.33349212,10.47053043,0,5.749511833,0,16.66087571,13.59242839,25.17858727,22.25380597,36.65915542,0,22.51475897,0,76.86,0,5.261891555,0,0,17.85771973,39.20511345,0,13.17616461,30.07482584,37.03340837,10.47053043,7.364004282,0,4.663487103,9.22256238,13.68399738,0.559327365,11.97195976,1.81058579,4.683023608,3.54105233,0.238095238,26,2,5,0,0,0,0,2,1,3,0,0,5,1,5,1,4,0,0,0,0,0,4.786693553,3,3.70992,102.7124,0,0,0,0,0,2,0,0,0,0,0,0,0,0,0,3,0,1,0,0,0,0,0,0,0,0,0,0,0,0,3,0,0,0,2,0,0,0,0,0,0,1,0,0,0,0,0,1,0,0,0,0,0,0,0,1,0,1,0,0,0,0,0,0,0,0,0,0,0,0,0,0,0,0,0,0,0,0,0,0,0,0,0,0,0
CAND_0021,CCCCCCc1c(-c2ccc(O)c(O)c2)oc2cc(OC)c(OC)c(OC)c2c1=O,13.63744355,13.63744355,0.223966364,-0.289749139,0.364656792,10.96774194,428.481,400.257,428.1835032,166,0,0.203841496,-0.504259607,0.504259607,0.203841496,0.903225806,1.64516129,2.258064516,16.53110011,9.983167555,2.241427929,-2.16273266,2.435383683,-2.129984767,5.9070417,0.325978528,2.775716571,2.318324262,1107.312084,22.54324112,18.28060363,18.28060363,14.95945742,10.27274765,10.27274765,7.271477283,7.271477283,5.299022605,5.299022605,3.708289849,3.708289849,-3.35,2.775716571,22.33778811,9.639042192,4.260542469,180.350083,28.84079459,16.72949177,28.42683773,5.749511833,0,0,4.794537184,0,0,0,26.18620207,31.04074445,17.19327005,21.32939262,28.84079459,10.96924436,0,0,0,39.02784531,21.32939262,40.05224734,0,40.07125808,19.63937925,0,28.74755917,0,31.54244741,6.420821623,0,38.17047518,33.47715639,0,22.29294327,0,98.36,0,15.00759197,0,33.64657025,34.80699569,25.68328649,33.46212676,12.13273414,0,6.9237372,18.6277398,22.51691524,0,13.63744355,19.95434824,1.032634558,0.743120958,5.937788853,4.457597911,2.124567792,4.42891623,0.375,31,2,7,0,0,0,0,2,1,3,0,0,7,2,7,1,9,0,0,0,0,0,6.945641356,3,5.0198,118.7516,0,0,0,0,0,0,0,2,0,0,0,0,0,0,0,0,0,0,0,0,0,0,0,0,0,0,0,0,0,0,0,0,0,0,2,0,1,0,0,0,0,3,0,0,0,0,0,0,0,0,0,0,0,0,0,3,0,0,0,0,0,0,0,0,0,2,2,0,0,0,0,0,0,0,0,0,0,0,0,0,0,0,0,3,0
CAND_0022,COc1cc(OC)cc(C(=O)Nc2nc(-c3ccccc3)c(-c3ccccc3)o2)c1,12.82173784,12.82173784,0.110641534,-0.38178393,0.476746502,10.46666667,400.434,380.274,400.1423071,150,0,0.30232008,-0.496598574,0.496598574,0.30232008,0.833333333,1.4,1.966666667,16.47580509,10.06362802,2.190641461,-2.072901222,2.341243793,-2.120838383,6.036321919,0.101862557,3.231998903,1.702317107,1048.144087,20.92407448,16.58576026,16.58576026,14.67336639,9.337748915,9.337748915,6.484264579,6.484264579,4.544462247,4.544462247,3.058277737,3.058277737,-4.06,3.231998903,19.26485819,8.528036778,4.025928421,173.6499641,13.89087684,17.19295166,5.760247419,0,5.907179729,6.014658705,10.11132579,0,4.983978521,0,60.66367068,12.13273414,22.75672154,14.21959508,18.68541403,11.92183843,0,4.983978521,0,0,19.53638369,84.42622338,0,34.08010206,14.79051451,6.014658705,11.49902367,0,25.11075333,0,0,10.35798868,83.27992283,0,22.5810784,0,73.59,0,4.794537184,0,11.92183843,28.51665057,11.12690298,14.21959508,18.19910121,60.66367068,10.30076712,13.89087684,16.43010166,0,17.36811099,2.733330971,2.780831728,1.233058014,24.39342296,0,0,3.061143685,0.083333333,30,1,6,0,0,0,1,3,1,4,0,0,5,1,6,1,6,0,0,0,0,0,5.476380639,4,5.2781,114.8742,0,0,0,0,0,1,0,0,0,0,1,1,0,0,0,1,1,0,0,0,0,0,0,0,0,0,0,1,0,1,0,0,0,0,3,0,0,0,0,0,0,2,0,0,0,0,0,0,0,0,0,0,0,0,0,2,0,0,0,0,0,0,1,0,0,0,0,0,0,0,0,0,0,0,0,0,0,0,0,0,0,0,0,0,0
CAND_0023,COc1ccc2scc(CCNC(C)=O)c2c1,10.80775322,10.80775322,0.015847873,0.015847873,0.904129703,10.47058824,249.335,234.215,249.0823497,90,0,0.216382886,-0.496743915,0.496743915,0.216382886,1.470588235,2.294117647,3,32.13344544,10.1103223,2.050249909,-2.027312877,2.291115976,-2.217112122,7.169262023,-0.118424925,2.710754332,2.186875918,513.817874,12.25071238,9.948359511,10.76485609,8.2027086,5.490138774,6.369791585,3.855993459,4.767224385,2.629118913,3.6414177,1.754667905,2.73230749,-1.55,2.710754332,11.92154036,5.186563807,2.767209299,104.403071,10.05365156,5.749511833,0,5.907179729,0,0,4.794537184,0,0,11.33678588,0,40.9496613,18.16841352,7.109797541,9.531400138,27.33010974,0,5.316788604,0,13.34455882,13.65455395,29.14261547,0,5.749511833,10.05365156,0,5.749511833,11.33678588,19.56173368,11.21535881,0,12.48718869,23.57916398,0,10.08614413,0,38.33,0,4.794537184,0,5.907179729,6.544756406,12.17033346,22.57333282,18.44658342,6.066367068,22.82958551,4.736862954,6.477616738,1.723703704,10.80775322,6.178254519,1.261712963,0.887771112,6.089386312,0.853916289,2.215406799,1.671145011,0.307692308,17,1,3,0,0,0,1,1,1,2,0,0,3,1,4,1,4,0,0,0,0,0,3.637166456,2,2.5885,70.7647,0,0,0,0,0,0,0,0,0,0,1,1,0,0,0,0,1,0,0,0,0,0,0,0,0,0,0,1,0,0,0,0,0,0,1,0,1,0,0,0,0,1,0,0,0,0,0,0,0,0,0,0,0,0,0,1,0,0,0,0,0,0,0,0,0,0,0,0,0,0,0,0,0,0,0,0,0,0,0,0,0,0,1,0,0
CAND_0024,CCN1CCN(CC(C)CNc2ncccc2F)CC1,13.43971338,13.43971338,0.28124064,-0.28124064,0.862296446,18.95,280.391,255.191,280.206325,112,0,0.164944447,-0.367325821,0.367325821,0.164944447,1.3,2,2.65,19.1422222,10.12473983,2.169642988,-2.34935901,2.103920566,-2.473017652,5.34742094,0.125681336,2.470912748,1.70631651,384.7797133,14.37203272,12.4787538,12.4787538,9.685871848,7.478003343,7.478003343,5.554774314,5.554774314,3.85844183,3.85844183,2.580088484,2.580088484,-1.2,2.470912748,15.19383736,7.547431044,4.421015348,120.529706,15.11660807,0,11.63508362,0,0,0,0,9.374393569,0,0,13.8474744,24.59539659,45.46538201,0,4.390415048,5.817862778,0,14.78379798,5.917906046,13.8474744,51.13008345,24.14679855,0,0,5.316788604,10.20827783,0,0,60.59709282,0,11.73512689,13.8474744,18.32957771,0,0,0,31.4,0,4.390415048,0,5.817220841,11.73576882,45.81329484,6.066367068,12.26321064,0,33.94806099,0,13.43971338,0,8.979892595,3.099030061,0,0.551847268,3.042783338,1.611160872,11.94223915,0,0.666666667,20,1,4,0,1,1,0,0,1,1,1,0,4,1,5,2,6,0,1,1,0,1,5.73372199,2,1.9062,80.4027,0,0,0,0,0,1,0,0,0,0,0,0,0,0,0,3,1,0,0,1,0,0,0,0,0,0,0,0,0,1,0,0,0,0,0,0,0,0,0,0,0,0,0,0,1,0,0,0,0,0,0,0,0,0,0,0,0,0,0,0,0,0,0,0,0,0,0,0,0,0,1,0,0,1,0,0,0,0,0,0,0,0,0,0,0
CAND_0025,Cc1nc2ccccc2n1Cc1ccc(C(=O)NCCc2ccccc2)o1,12.30595814,12.30595814,0.190377562,-0.190377562,0.566817981,11,359.429,338.261,359.1633769,136,0,0.286506276,-0.454020405,0.454020405,0.286506276,1.037037037,1.814814815,2.666666667,16.35036825,10.14661504,2.130438186,-2.050094611,2.182108029,-2.247567173,5.909831266,0.092426017,3.278481729,1.403720039,1040.044051,18.63961743,15.18309708,15.18309708,13.20350994,9.032405039,9.032405039,6.491334796,6.491334796,4.58686127,4.58686127,3.188452749,3.188452749,-3.34,3.278481729,17.09284133,7.495768732,3.768687863,157.1964601,14.30103919,11.58465192,5.760247419,0,5.907179729,0,4.794537184,4.983978521,0,0,42.46456948,43.17347859,6.544756406,17.57815784,9.211688121,16.94058116,0,14.86786677,0,19.88931523,6.544756406,89.63838858,0,0,5.316788604,0,0,0,22.0030143,12.96557803,6.9237372,27.70288801,71.14718869,0,11.03340144,0,60.06,0,4.794537184,0,5.907179729,18.84976023,29.03887498,5.563451492,6.066367068,55.45467375,27.00060091,4.417150937,7.853331286,0,16.86845981,2.908802226,3.209344704,1.79208602,21.65141248,0.792030126,3.091200008,0,0.181818182,27,1,5,0,0,0,1,2,2,4,0,0,4,1,5,2,6,0,0,0,0,0,4.7453328,4,3.95852,104.7592,0,0,0,0,0,2,0,0,0,0,1,1,0,0,0,2,1,0,0,0,0,0,0,0,0,0,0,1,0,0,1,0,0,0,2,0,1,0,0,0,0,0,1,0,0,0,0,1,0,0,0,0,0,0,0,0,0,0,0,0,0,0,0,0,2,0,0,0,0,0,0,0,0,0,0,0,0,0,0,0,0,0,0,0,0
CAND_0026,CC1(C)[C@@H]2CC[C@@]1(c1nc(-c3ccc(F)cc3)no1)C(=O)C2,13.01841751,13.01841751,0.156068778,-0.649854143,0.851161948,29.22727273,300.333,283.197,300.127406,114,0,0.24071962,-0.337844419,0.337844419,0.24071962,1.272727273,2,2.590909091,19.14214317,9.685283132,2.673923856,-2.321959631,2.637189331,-2.403012755,5.936810447,-0.125102506,3.104443813,1.783029764,725.6537329,15.53516943,12.59695993,12.59695993,10.44834386,7.584270808,7.584270808,6.919946934,6.919946934,5.789714634,5.789714634,4.291048556,4.291048556,-2.04,3.104443813,13.61110661,4.244226866,1.537805021,127.2733531,4.523094937,17.01545626,0,11.71512842,0,0,4.794537184,4.390415048,4.983978521,0,19.00413766,48.44000804,11.98427311,0,13.70804717,5.783244946,0,10.14064178,11.33289652,38.52492974,0,35.97341304,0,11.38785599,0,4.390415048,0,0,15.92388672,10.20952765,17.15011736,39.00066319,28.78856321,0,11.38785599,0,55.99,5.414990469,9.184952232,0,17.01545626,29.61730758,12.84164325,12.13273414,12.13273414,0,23.98811618,4.523094937,18.50290424,0,17.07366172,4.011408258,-0.120183125,1.116831609,5.945653476,2.391680832,4.244709666,0,0.470588235,22,0,4,2,0,2,0,1,1,2,2,2,4,0,5,1,2,2,0,2,0,0,2.625846561,4,3.5225,77.499,0,0,0,0,0,2,0,0,0,0,1,1,0,0,0,2,0,0,0,0,0,0,0,0,0,0,0,0,0,0,0,0,0,0,1,0,2,0,0,0,0,0,0,0,1,0,0,0,0,0,0,1,1,0,0,0,0,0,0,0,0,0,0,0,0,0,0,0,0,0,0,0,0,0,0,0,0,0,0,0,0,0,0,0,0
CAND_0027,CC(C)=NNC1=NC(=O)C(C)S1,10.93236206,10.93236206,0.069571995,-0.091244331,0.489329635,22.08333333,185.252,174.164,185.062283,66,0,0.260934941,-0.271223348,0.271223348,0.260934941,1.666666667,2.333333333,2.75,32.16671483,10.45915157,2.228661704,-1.976907425,2.19191246,-2.128157864,8.149692252,-0.116325416,2.278949855,2.515433393,236.7639251,9.137828202,7.288274041,8.104770622,5.592224153,3.654403146,4.534055957,2.68609368,4.015601053,1.223065172,2.184087434,0.646168548,1.375606134,-0.84,2.278949855,9.249605735,3.709251258,2.335571022,75.51834786,0,0,5.16765177,0,5.907179729,0,10.22032858,0,10.09381226,0,11.76188495,20.7712116,5.711685003,5.24993803,4.794537184,28.54840145,0,5.425791397,10.09381226,26.02114963,0,0,0,0,5.425791397,0,0,11.76188495,22.03645453,4.794537184,0,20.7712116,10.09381226,0,0,0,53.82,0,4.794537184,0,11.15711776,5.16765177,5.711685003,11.76188495,0,20.7712116,15.51960366,0,0,1.39787037,14.69634354,4.46010393,3.629631519,-0.091244331,0,0,5.57396164,0,0.571428571,12,1,4,0,1,1,1,0,0,0,1,0,4,1,5,1,1,0,0,0,0,1,2.859092643,1,0.9897,51.4137,0,0,0,0,0,0,0,0,0,0,1,1,0,0,1,2,1,0,0,0,0,0,0,0,0,0,0,1,1,0,0,0,0,0,0,0,0,0,0,0,0,0,0,0,0,0,1,0,0,0,0,0,0,0,0,0,0,0,0,0,0,0,0,0,0,0,0,0,0,0,0,0,0,0,0,1,0,0,0,0,0,0,0,0,0
CAND_0028,Nc1nc(=O)n(CCN2C(=O)CSC2CO)cc1F,13.20741554,13.20741554,0.103009259,-0.777378092,0.725886895,19.15789474,288.304,275.2,288.0692395,104,0,0.349245705,-0.393322944,0.393322944,0.349245705,1.526315789,2.263157895,2.947368421,32.1666484,10.40611765,2.3009812,-2.218313316,2.233270117,-2.386363848,8.005225906,-0.128134256,2.727921314,2.083146227,515.3301149,13.99119935,9.952041659,10.76853824,9.024075805,5.570268141,6.619022931,3.985410765,5.151571077,2.780829708,3.982772061,1.775430038,2.784548553,-1.61,2.727921314,13.81319143,5.574134103,2.869697965,111.7701398,15.7401046,5.373872813,11.63508362,5.907179729,0,5.689743398,9.361636832,9.184952232,4.983978521,11.76188495,0,0,19.28635638,12.35973557,14.29147963,23.48692746,0,14.4509879,0,11.91862922,24.63815945,22.49834499,0,0,11.42341088,10.20827783,0,11.76188495,49.74305981,11.33929359,5.817220841,0,10.99138076,0,0,0,101.45,17.32482702,13.97948942,0,30.97744732,5.752853607,10.76394322,16.66179468,0,0,4.983978521,10.84019487,14.259394,1.3328125,27.83686545,8.80400352,4.50529159,-1.029837333,0,0.964592782,0.160210827,0,0.5,19,3,7,0,1,1,1,0,1,1,1,0,7,2,9,2,4,0,1,1,0,1,4.052451655,2,-1.1416,67.9122,0,1,1,1,0,2,0,0,0,0,1,1,0,0,0,3,0,1,0,0,0,0,0,0,0,0,0,1,0,1,0,0,0,0,0,0,0,0,0,0,0,0,0,0,1,0,0,0,0,0,0,0,0,0,0,0,0,0,0,0,0,0,0,0,0,0,0,0,0,0,0,0,0,0,0,1,0,0,0,0,0,0,0,0,0
CAND_0029,Cc1c(C)c2c(c(C)c1O)CCC(C)(C(=O)Nc1ccc(N)cc1)O2,12.8153384,12.8153384,0.189164305,-0.963295186,0.729050522,19.04,340.423,316.231,340.1786926,132,0,0.267780328,-0.507381418,0.507381418,0.267780328,1.16,1.8,2.44,16.5108351,9.86393187,2.403839672,-2.362375377,2.430174177,-2.476651968,5.973095216,-0.130807951,2.596297123,1.897648381,820.3521948,18.35300667,15.06467508,15.06467508,11.72586985,8.403128354,8.403128354,6.94033289,6.94033289,5.168511667,5.168511667,3.237339981,3.237339981,-2.69,2.596297123,17.14338396,5.989340344,2.903879275,147.361257,20.89384643,11.49902367,5.601050811,0,5.907179729,0,4.794537184,0,0,0,0,75.07159317,23.35904566,0,14.63792753,17.28195228,0,0,0,46.13764286,11.05045608,46.51927424,0,11.49902367,15.78731903,11.37477255,11.49902367,0,16.61475794,11.21535881,20.7712116,35.59836479,24.26546827,0,0,0,84.58,5.601050811,9.901064579,0,5.907179729,35.71543946,22.25380597,0,31.18920547,20.7712116,5.316788604,10.47053043,6.176753039,0,12.8153384,13.15596835,9.534145216,0.842118129,7.026925066,1.227273059,7.471478735,0,0.35,25,4,5,0,1,1,1,2,0,2,1,0,4,3,5,1,2,0,0,0,0,1,4.107102446,3,3.62206,99.1559,0,0,0,1,0,0,0,1,0,0,1,1,0,0,0,0,1,1,0,0,0,0,0,0,0,0,0,1,0,2,0,0,0,0,2,0,1,0,0,0,0,1,0,0,0,0,0,0,0,0,0,0,0,0,0,0,0,0,0,0,0,0,0,0,0,1,1,0,0,0,0,0,0,0,0,0,0,0,0,0,0,0,0,0,0
CAND_0030,CC1CC(C)CN(c2ccc(S(=O)(=O)N3CCOCC3)cc2)C1,12.63568536,12.63568536,0.376163313,-3.396243937,0.847639106,27.13043478,338.473,312.265,338.1664137,128,0,0.242727859,-0.378710662,0.378710662,0.242727859,1,1.565217391,2.130434783,32.23342675,9.913954981,2.267522707,-2.363551216,2.273726232,-2.403708905,7.887362848,0.073010482,2.54766129,1.759901519,585.9433252,16.44938299,13.94126944,14.75776602,10.96436363,8.394960701,9.835024029,6.861387836,8.799322815,4.678555944,6.591424444,3.638714055,5.046665343,-1.11,2.54766129,16.73749044,6.789004043,3.699160245,138.8280925,9.636772685,0,0,10.02329115,0,0,0,8.417796984,4.305215991,0,13.8474744,42.52210199,31.8664119,18.1092474,13.15465994,15.71067743,0,4.305215991,11.83581209,25.1637795,44.29269928,24.26546827,0,0,4.899909731,5.687386275,0,0,52.11580253,14.76015411,11.83581209,20.26829602,29.16095175,0,0,0,49.85,10.02329115,8.417796984,0,0,43.03457231,18.77689909,10.72603761,12.13273414,12.13273414,18.74738413,4.736862954,32.018315,0,2.741209766,0,1.11511805,1.352794638,7.365393519,1.263882774,8.456196857,-3.396243937,0.647058824,23,0,5,0,2,2,0,1,0,1,2,0,4,0,6,2,3,0,2,2,0,2,4.940473491,3,2.1898,91.1778,0,0,0,0,0,0,0,0,0,0,0,0,0,0,0,2,0,0,0,0,0,0,0,0,0,0,0,0,0,1,0,0,0,0,1,0,0,0,0,0,0,1,0,0,0,0,0,0,0,0,0,0,0,0,0,0,1,0,0,0,0,0,0,0,0,0,0,0,0,1,0,0,0,0,0,0,1,0,0,0,0,0,0,0,0
CAND_0031,COCC1Cn2nnc(-c3cnn(C)c3)c2CN1Cc1cccs1,5.427430944,5.427430944,0.299118848,0.299118848,0.705891643,18,344.444,324.284,344.1419303,126,0,0.120232143,-0.382989771,0.382989771,0.120232143,1.416666667,2.333333333,3.041666667,32.13347375,10.09939016,2.299960841,-2.348185624,2.276519916,-2.447713401,7.09426029,0.050998316,3.288192572,1.643851259,777.990835,16.51829709,13.79230689,14.60880347,11.74151474,7.910752422,8.790405233,6.063044343,7.095289526,4.366943676,5.228092918,3.178493411,3.907913848,-2.03,3.288192572,15.49493765,6.463588277,2.878021459,144.0106658,4.736862954,5.693927995,0,0,0,0,9.581712666,4.681802935,5.098681808,16.43546769,11.27975216,11.44642984,43.88442459,31.08425077,4.736862954,11.33678588,0,29.67426431,7.047671983,25.67611005,13.71667951,40.47755924,0,11.25737949,0,0,0,11.33678588,49.43278465,31.41880415,0,10.57107519,29.90648405,0,11.25737949,0,61,0,0,0,0,12.64872279,36.5855767,4.877147194,23.12838635,24.12316206,37.82345535,4.736862954,9.230988804,1.790100239,3.813346771,15.13445987,3.085250693,0,4.579732855,3.824812978,3.209542785,3.66509834,0.4375,24,0,7,0,1,1,0,0,3,3,1,0,8,0,8,4,5,0,0,0,0,1,4.17303739,4,1.7709,91.454,0,0,0,0,0,5,0,0,0,0,0,0,0,0,0,6,0,0,0,0,0,0,0,0,0,0,0,0,0,0,1,0,0,0,0,0,1,0,0,0,0,1,0,0,0,0,0,0,0,0,0,0,0,0,0,1,0,0,0,0,0,0,0,0,0,0,0,0,0,0,0,0,0,0,0,0,0,0,0,0,0,0,1,0,0
CAND_0032,CCCn1c(=O)[nH]c(=O)c2nc[nH]c21,11.40152778,11.40152778,0.275972222,-0.445737906,0.695314164,10.92857143,194.194,184.114,194.0803756,74,0,0.32953124,-0.330365304,0.330365304,0.32953124,1.5,2.285714286,3,16.15758724,10.42502156,2.072784822,-2.021776509,1.996947461,-2.298306683,5.679583173,0.652429636,2.604496052,2.863989867,543.1573775,10.12939203,7.702487603,7.702487603,6.736382105,4.399277255,4.399277255,3.010664725,3.010664725,2.017043636,2.017043636,1.421689302,1.421689302,-1.85,2.604496052,8.735233269,3.132343598,1.152838741,78.60901404,4.983978521,5.647177221,5.516700718,0,5.559266895,5.689743398,14.34561535,9.778515705,0,0,6.9237372,6.420821623,6.544756406,6.327320075,0,11.16387794,0,19.51903521,0,19.88931523,0,27.16540474,0,0,11.24901029,0,0,0,19.51903521,6.544756406,0,13.34455882,15.91639444,0,11.16387794,0,83.54,11.24901029,9.589074368,0,5.516700718,12.19193363,6.420821623,10.89441972,0,6.9237372,14.95193556,0,1.475925926,0,31.5190188,0,-0.077913832,0,0,2.227755102,2.521880669,0,0.375,14,2,6,0,0,0,0,0,2,2,0,0,4,2,6,2,2,0,0,0,0,0,1.954410858,2,-0.1771,51.2654,0,0,0,0,0,4,2,0,0,0,0,0,0,0,0,2,2,0,0,0,0,2,0,0,0,0,0,0,0,0,1,0,0,0,0,0,1,0,0,0,0,0,0,0,0,0,0,1,0,0,0,0,0,0,0,0,0,0,0,0,0,0,0,0,0,0,0,0,0,0,0,0,0,0,0,0,0,0,0,0,0,0,0,0,0
CAND_0033,N#CC1=C(N)Cc2nc(-c3ccco3)nn2C1=O,11.91059902,11.91059902,0.084819539,-0.554114701,0.776368391,14.5,241.21,234.154,241.0599745,88,0,0.291877104,-0.460950029,0.460950029,0.291877104,1.555555556,2.388888889,3.055555556,16.33388902,10.09918898,2.277947247,-2.107047704,2.207094849,-2.265806335,6.001560528,0.093547761,2.959669734,2.102991807,678.9739936,12.69830613,9.121858821,9.121858821,8.7027086,5.136715054,5.136715054,3.734713848,3.734713848,2.603448537,2.603448537,1.753221915,1.753221915,-2.88,2.959669734,10.28522185,3.562509422,1.326274107,101.1329769,10.15081841,17.46673034,5.760247419,5.824404498,5.907179729,0,4.794537184,4.983978521,9.94369449,5.098681808,0,12.13273414,12.11786094,6.263162996,9.211688121,5.907179729,5.261891555,14.76446326,5.733667477,6.420821623,0,35.49044547,0,17.65387323,5.733667477,0,0,0,20.67164299,6.420821623,11.33111287,10.61894168,34.08319191,0,11.58465192,0,110.73,5.907179729,4.794537184,0,17.69096547,17.40905641,4.681802935,6.263162996,18.20195545,0,10.08266033,15.41270997,6.243081144,0,16.08710601,12.8878003,5.785730741,0.612569444,5.168602923,1.715109442,0,0,0.090909091,18,2,7,0,1,1,0,0,2,2,0,0,7,1,7,3,1,0,0,0,0,0,2.035622209,3,0.47078,58.8809,0,0,0,0,0,3,0,0,0,0,1,1,0,0,0,4,0,1,0,0,0,0,0,0,0,0,2,0,0,0,0,0,0,0,0,0,1,0,0,0,0,0,1,0,0,0,0,0,0,0,0,0,0,0,0,0,0,1,0,0,0,0,0,0,0,0,0,0,0,0,0,0,0,0,0,0,0,0,0,0,0,0,0,0,0
CAND_0034,Cc1ccn(CC(=O)Nc2ccnn2C2CCCC2)c(=O)c1,12.17212963,12.17212963,0.008888889,-0.216944444,0.939897072,15.13636364,300.362,280.202,300.1586259,116,0,0.250748673,-0.309332018,0.309332018,0.250748673,1.363636364,2.136363636,2.863636364,16.15331639,10.2450293,2.200583045,-2.14560302,2.305822769,-2.275064038,5.891828168,-0.116380381,3.120604119,1.693864473,701.6346956,15.52673326,12.65777289,12.65777289,10.63103029,7.637703498,7.637703498,5.817706154,5.817706154,4.073898175,4.073898175,2.927576695,2.927576695,-2.37,3.120604119,14.56240048,6.171965445,3.104478568,128.3119624,9.883888252,12.36261918,0,5.907179729,5.559266895,0,9.589074368,4.681802935,5.098681808,0,12.84164325,31.39519901,18.32957771,12.2386844,4.794537184,11.72504251,0,14.34758439,0,45.19362093,5.316788604,46.51004392,0,0,10.8760555,5.817862778,0,0,20.25476412,11.33929359,6.9237372,37.28857881,35.38732553,0,0,0,68.92,0,9.589074368,0,18.01120303,11.85970361,18.40509474,23.47510996,18.46005421,17.6719072,10.41547041,0,3.293081276,0,23.99156333,7.180397793,0.722609738,0.488667276,5.508490729,7.953158185,1.862031675,0,0.4375,22,1,6,1,0,1,1,0,2,2,0,0,5,1,6,2,4,1,0,1,0,0,4.08539239,3,2.10702,83.8007,0,0,0,0,0,3,0,0,0,0,1,1,0,0,0,3,1,0,0,0,0,0,0,0,0,0,0,1,0,1,1,0,0,0,0,0,0,0,0,0,0,0,0,0,0,0,0,0,0,0,0,0,0,0,0,0,0,0,0,0,0,0,0,0,0,0,0,0,0,0,0,0,0,1,0,0,0,0,0,0,0,0,0,0,0
CAND_0035,CCn1c(Cc2ccccc2)nnc1SCC(=O)NC1CC1,11.77485517,11.77485517,0.085891144,0.085891144,0.796098723,14.04545455,316.43,296.27,316.1357823,116,0,0.230193708,-0.352642226,0.352642226,0.230193708,1.318181818,2.090909091,2.772727273,32.16655539,10.14030324,2.231168088,-2.07234444,2.209222013,-2.267017834,7.99349687,-0.118200576,3.256819743,1.628571179,610.742797,15.36359655,12.65777289,13.47426947,10.75835149,7.641200653,8.626799213,5.435898869,6.37839751,3.589568278,4.556329628,2.27974648,3.112144275,-1.82,3.256819743,15.09021001,6.959818109,3.881695168,134.0635788,9.883888252,5.824404498,5.156436482,5.907179729,0,0,4.794537184,0,0,10.19736362,42.09372029,25.32883194,19.00741886,5.752853607,4.794537184,17.66906468,0,20.08125187,0,43.92923579,5.752853607,41.71969133,0,0,5.316788604,0,0,11.76188495,32.46633743,17.76011521,0,31.15323644,35.48827182,0,0,0,59.81,0,4.794537184,0,5.907179729,11.79469444,36.78806225,17.32533644,0,18.19910121,39.13772321,0,2.08538785,1.458199851,11.77485517,12.34958735,1.215394865,1.431973805,10.64692,2.988151291,2.882863153,0,0.4375,22,1,5,1,0,1,1,1,1,2,0,0,5,1,6,1,7,1,0,1,0,0,4.773868951,3,2.2595,86.8327,0,0,0,0,0,3,0,0,0,0,1,1,0,0,0,3,1,0,0,0,0,0,0,0,0,0,0,1,0,0,0,0,0,0,1,0,0,0,0,0,0,0,0,0,0,0,0,0,0,0,0,0,0,0,0,0,0,0,0,0,0,0,0,0,0,0,0,0,0,0,0,0,0,0,0,1,0,0,0,0,0,0,0,0,0
CAND_0036,O=c1[nH]c2ccc(NS(=O)(=O)c3ccccc3Cl)cc2o1,12.26799202,12.26799202,0.025662137,-3.817786872,0.774128621,11.66666667,324.745,315.673,323.9971554,108,0,0.416783767,-0.407781226,0.416783767,0.407781226,1.142857143,1.904761905,2.666666667,35.49569357,10.27916939,2.174227963,-2.085653082,2.241473406,-2.127962312,7.924437682,0.555272746,2.775993512,2.006688039,940.867036,15.03516943,10.46065781,12.03308334,9.954326925,5.858320437,7.719448158,4.261378932,6.319403185,2.799381739,4.680480394,1.881672707,3.45182242,-2.25,2.775993512,13.72024242,4.94015438,2.651577026,123.9595655,4.417150937,4.895483476,5.583020142,0,10.02329115,5.756062822,9.706073385,13.21233417,0,0,23.73367403,24.26546827,6.066367068,16.22672031,12.83494792,38.41133818,0,4.983978521,0,4.895483476,4.722094864,58.0378028,0,0,10.47815769,5.687386275,0,11.60093989,13.40177551,10.02329115,0,0,56.57174108,5.022633314,11.09972086,0,92.17,15.77935398,13.21233417,0,21.18852321,5.516700718,0,24.26546827,18.19910121,0,9.706073385,16.01809083,31.80509572,5.889367446,13.51629935,0.124309676,1.018722058,-0.600823184,10.59259358,0,0,-3.817786872,0,21,2,6,0,0,0,0,2,1,3,0,0,4,2,8,1,3,0,0,0,0,0,3.227624556,3,2.5753,79.0952,0,0,0,0,0,1,1,0,0,0,0,0,0,0,0,0,2,0,0,0,0,1,0,0,0,0,0,0,0,1,0,0,0,0,2,0,1,0,0,0,0,0,0,0,1,0,0,0,0,0,0,0,0,0,0,0,0,0,0,0,0,0,1,0,0,0,0,0,0,0,0,0,0,0,0,0,1,0,0,0,0,0,0,0,0
CAND_0037,C1CC(N2CC3C4CCC(C5CC45)C3C2)CCN1,3.518269768,3.518269768,0.923681973,0.923681973,0.760729815,55.33333333,246.398,220.19,246.2095988,100,0,0.011960656,-0.316612991,0.316612991,0.011960656,0.666666667,1.277777778,1.888888889,15.20115123,9.598200651,2.625169612,-2.443498038,2.670321509,-2.418668098,5.120853037,0.046427689,3.121767035,1.357454938,315.9474732,11.68986997,11.35262651,11.35262651,8.915816238,8.363747527,8.363747527,7.731257509,7.731257509,7.189922189,7.189922189,6.35921252,6.35921252,-0.08,3.121767035,10.67720603,3.727132209,1.366796694,110.4939228,5.316788604,0,0,0,0,0,4.899909731,0,0,0,0,80.7010572,19.13135364,0,0,0,0,10.21669833,35.50743628,38.14594894,26.17902562,0,0,0,5.316788604,0,0,0,37.12077618,0,35.50743628,32.10410811,0,0,0,0,15.27,0,0,0,0,0,29.71346501,50.85648096,19.26246487,0,10.21669833,0,0,0,2.908981481,3.518269768,0,6.911247743,0.923681973,7.610185815,5.460966553,0,1,18,1,2,4,2,6,0,0,0,0,6,2,2,1,2,2,1,3,2,5,0,6,2.21085325,5,1.9623,72.2557,0,0,0,0,0,0,0,0,0,0,0,0,0,0,0,1,1,0,0,0,1,0,0,0,0,0,0,0,0,0,0,0,0,0,0,0,3,0,0,0,0,0,0,0,0,0,0,0,0,0,0,0,0,0,0,0,0,0,0,0,0,0,0,0,0,0,0,0,0,1,0,0,0,0,0,0,0,0,0,0,0,0,0,0,0
CAND_0038,O=C1OCCc2c(/C=N\O)cccc21,11.31276691,11.31276691,0.306074263,-0.306074263,0.313898846,15.28571429,191.186,182.114,191.0582431,72,0,0.337936983,-0.461734859,0.461734859,0.337936983,1.5,2.357142857,3.142857143,16.53391685,9.973575432,2.193413569,-2.163064238,2.190590606,-2.185230245,5.95312863,0.047993135,2.200225997,2.544860895,383.0248258,9.966255326,7.434538411,7.434538411,6.825698503,4.291367776,4.291367776,3.003842439,3.003842439,2.214208096,2.214208096,1.581634052,1.581634052,-1.84,2.200225997,8.744806127,3.493171612,1.346676811,80.80400249,9.944115979,0,0,0,0,5.969305288,0,4.794537184,0,0,17.28844686,11.62981856,11.98427311,18.38493404,14.73865316,12.18390587,0,0,5.155712727,6.420821623,6.606881965,34.88945568,0,0,0,0,0,0,23.99804086,11.15768458,0,21.48489166,23.35481393,0,0,0,58.89,0,4.794537184,0,5.969305288,18.59115508,11.12690298,6.21460058,18.19910121,0,5.155712727,9.944115979,4.891511952,0,11.31276691,11.40239442,2.219305556,-0.306074263,5.25508031,2.000694444,0.390987339,0,0.2,14,1,4,0,1,1,0,1,0,1,0,0,4,1,4,1,1,0,0,0,0,0,2.181936323,2,1.2076,49.809,0,0,0,0,0,0,0,0,0,0,1,1,0,0,0,1,0,0,0,0,0,0,0,0,0,0,0,0,0,0,0,0,0,0,1,0,1,0,0,0,1,1,0,0,0,0,0,0,0,0,0,0,0,0,1,0,0,0,0,0,0,0,0,1,0,0,0,0,0,0,0,0,0,0,0,0,0,0,0,0,0,0,0,0,0
CAND_0039,COc1ccc(-c2nc(C3(S(C)(=O)=O)CCCC3)no2)cn1,12.23466731,12.23466731,0.248442644,-3.317372244,0.848214689,17.54545455,323.374,306.238,323.093977,118,0,0.259045382,-0.48098353,0.48098353,0.259045382,1.272727273,2,2.545454545,32.2279574,10.07420005,2.483804596,-2.218076178,2.437470273,-2.328518756,7.912098891,0.396184399,3.159336642,1.986584233,729.590928,15.79468245,12.44336017,13.25985675,10.46045664,7.003868135,8.895279673,5.48593569,7.811741159,4.146978591,6.157346669,2.859680571,4.30449406,-1.96,3.159336642,14.95575785,5.347624541,2.367233444,128.1808341,9.259957891,4.747022453,15.66165763,5.879988336,5.890723922,0,0,13.40177551,4.983978521,0,17.9983065,18.90801031,18.51897982,12.67324903,17.67775488,9.837253136,0,15.1246203,0,30.43030894,13.36556672,24.15398221,0,17.33416375,4.736862954,0,5.879988336,0,36.90798401,14.58427559,0,31.50769099,22.85267265,0,11.45417541,0,95.18,14.58427559,8.417796984,0,11.71512842,24.28508307,12.84164325,13.36556672,18.32957771,0,15.1246203,9.259957891,33.69578015,0,8.397036053,3.931489434,0.626109221,0.991003756,3.422620583,5.55614268,0,-1.786848548,0.5,22,0,7,1,0,1,0,0,2,2,0,0,7,0,8,2,4,1,0,1,0,0,3.635353533,3,1.9541,79.0708,0,0,0,0,0,3,0,0,0,0,0,0,0,0,0,3,0,0,0,0,0,0,0,0,0,0,0,0,0,0,0,0,0,0,0,0,0,0,0,0,0,1,0,0,0,0,0,0,0,0,0,0,0,0,0,1,0,0,0,0,0,0,0,0,0,0,0,0,0,0,0,0,0,1,0,0,0,1,0,0,0,0,0,0,0
CAND_0040,COc1cccc(C(=O)NCCN2CCN(c3cccc(Cl)c3Cl)CC2)c1,12.24037685,12.24037685,0.084958132,-0.084958132,0.794303592,14.85185185,408.329,385.145,407.1167323,144,0,0.250961618,-0.496742353,0.496742353,0.250961618,1.111111111,1.851851852,2.592592593,35.49826256,10.17202702,2.192942725,-2.361475287,2.323165082,-2.481596277,6.432626329,0.094716675,2.704496856,1.442298439,759.3578201,19.22540387,15.25094529,16.76280318,13.0797187,8.918144213,9.674073159,6.389489351,7.174653951,4.689705533,5.49863241,3.142941275,3.558003776,-1.95,2.704496856,19.80173995,9.308517414,5.064603891,169.3533324,14.95356129,5.749511833,0,0,5.907179729,0,9.694446915,0,0,0,35.33461392,30.33183534,44.83198993,22.84245044,9.531400138,34.79644578,0,10.21669833,0,0,51.27824571,58.0732876,0,5.749511833,14.95356129,5.687386275,5.749511833,23.20187978,57.18542544,0,0,10.35798868,42.46456948,10.04526663,0,0,44.81,0,4.794537184,0,5.907179729,27.90298636,38.4111683,0,25.30889875,24.26546827,15.11660807,27.93874273,5.156374168,12.42994202,16.82405639,4.158550107,1.587881305,0.594160455,12.87645876,0,5.004287196,1.590511813,0.35,27,1,5,0,1,1,1,2,0,2,0,0,4,1,7,1,6,0,1,1,0,0,6.826845968,3,3.554,110.4422,0,0,0,0,0,0,0,0,0,0,1,1,0,0,0,2,1,0,0,0,0,0,0,0,0,0,0,1,0,1,0,0,0,0,2,0,0,0,0,0,0,1,0,0,2,0,0,0,0,0,0,0,0,0,0,1,0,0,0,0,0,0,0,0,0,0,0,0,0,0,1,0,0,0,0,0,0,0,0,0,0,0,0,0,0
CAND_0041,CSc1ccccc1C(=O)NCC1CCCO1,12.00111017,12.00111017,0.008842593,-0.008842593,0.834597361,19.23529412,251.351,234.215,251.0979998,92,0,0.25200814,-0.376385777,0.376385777,0.25200814,1.529411765,2.352941176,3.058823529,32.16640783,10.16832323,2.169965022,-2.117227311,2.193787868,-2.315202613,7.982892175,0.085515503,2.886946447,1.937819633,369.3796297,12.08757567,9.939923342,10.75641992,8.30886175,5.838274217,7.063019088,4.045336354,4.89341105,2.865880372,3.661702744,1.939309726,2.534612197,-1,2.886946447,12.4567474,6.074380165,3.233418367,105.9282063,10.05365156,0,0,0,5.907179729,0,4.794537184,0,0,11.76188495,12.13273414,31.23014657,18.04712185,11.66741788,9.531400138,17.66906468,0,5.316788604,0,23.84109311,19.40740755,29.82891977,0,0,5.316788604,0,0,11.76188495,31.41855367,4.736862954,0,23.19963192,29.16095175,0,0,0,38.33,0,4.794537184,0,12.01114612,6.544756406,29.90746018,0,11.76188495,30.52123746,5.316788604,4.736862954,5.475851285,1.589777127,13.01253638,2.938333333,0.748145314,-0.008842593,7.658449704,4.31840367,1.434012451,0,0.461538462,17,1,3,0,1,1,1,1,0,1,1,0,3,1,4,1,4,0,1,1,0,1,4.451001139,2,2.3173,69.5302,0,0,0,0,0,0,0,0,0,0,1,1,0,0,0,0,1,0,0,0,0,0,0,0,0,0,0,1,0,0,0,0,0,0,1,0,0,0,0,0,0,1,0,0,0,0,0,0,0,0,0,0,0,0,0,0,0,0,0,0,0,0,0,0,0,0,0,0,0,0,0,0,0,0,0,1,0,0,0,0,0,0,0,0,0
CAND_0042,O=C1c2ccccc2-n2c1c1[nH]c3ccccc3c1cc2=O,12.75125756,12.75125756,0.106614701,-0.175413832,0.475530362,12.81818182,286.29,276.21,286.0742276,104,0,0.255957601,-0.352671206,0.352671206,0.255957601,0.863636364,1.636363636,2.545454545,16.14645416,10.08962863,2.300586348,-2.03586759,2.327929114,-2.180929758,6.220745521,0.103628177,3.048927164,2.049169376,1145.808054,14.8445705,11.4598626,11.4598626,10.7540202,7.061119491,7.061119491,5.47212435,5.47212435,4.299507126,4.299507126,3.352799777,3.352799777,-3.14,3.048927164,11.51203617,3.736680222,1.224118385,124.1727614,4.983978521,5.693927995,0,5.783244946,5.559266895,0,14.15617402,0,0,0,30.33183534,18.19910121,27.91896771,11.20408699,4.794537184,27.58909481,0,9.551078169,0,0,0,76.20848718,0,5.687386275,5.559266895,0,0,0,15.33432312,0,0,16.05191667,59.3918408,0,27.49323614,0,54.86,0,9.589074368,0,11.34251184,16.94476576,21.80584986,4.567099648,18.19910121,36.39820241,4.983978521,0,1.509305556,0,28.61336687,1.759039116,3.139742063,-0.106614701,16.58516109,0,0,0,0,22,1,4,0,1,1,0,2,2,4,0,0,3,1,4,3,0,0,0,0,0,0,1.955308994,5,3.0164,84.8342,0,0,0,0,0,2,1,0,0,0,1,1,0,0,0,1,1,0,0,0,0,1,0,0,0,0,0,0,0,0,0,0,0,0,2,0,7,0,0,0,0,0,0,0,0,0,0,0,0,0,0,1,0,0,0,0,0,0,0,0,0,0,0,0,2,0,0,0,0,0,0,0,0,1,0,0,0,0,0,0,0,0,0,0,0
CAND_0043,O=C(Nc1ccc(NC(=O)N2Cc3ccncc3C2)cc1)C1CC2CCC1C2,12.55650797,12.55650797,0.129660741,-0.129660741,0.850096949,24.85714286,376.46,352.268,376.189926,144,0,0.32194807,-0.325844961,0.325844961,0.32194807,0.928571429,1.678571429,2.357142857,16.16612747,9.879506591,2.425108652,-2.206174031,2.481219534,-2.298026292,5.937572815,-0.120843648,3.440693053,1.166354345,859.5092593,19.08721119,15.72706715,15.72706715,13.65299968,10.0413642,10.0413642,8.278554179,8.278554179,6.492807674,6.492807674,5.003560359,5.003560359,-2.89,3.440693053,17.22490053,6.928529264,3.2333708,163.8876173,15.53348694,0,0,5.907179729,0,6.031114512,9.778515705,4.794537184,0,0,6.420821623,72.55701529,42.77587855,0,9.589074368,23.31306679,0,9.883888252,17.75371814,38.7727993,10.63357721,53.85242547,0,0,10.63357721,16.16930973,0,0,21.82218249,17.88405,17.75371814,36.81018948,42.72552249,0,0,0,74.33,0,9.589074368,0,17.85620029,19.00741886,34.8404032,19.26246487,11.0967533,36.52867891,15.61755573,0,0,0,30.9508857,5.977445823,3.738497799,1.644476791,9.190930723,8.323086994,1.174676173,0,0.409090909,28,2,6,2,1,3,3,1,1,2,3,2,3,2,6,2,3,2,0,2,0,3,4.262258121,5,4.004,106.5124,0,0,0,0,0,1,0,0,0,0,2,2,0,0,0,2,2,0,0,0,0,0,0,0,0,0,0,3,0,2,0,0,0,0,1,0,3,0,0,0,0,0,0,0,0,0,0,0,0,0,0,0,0,0,0,0,0,0,0,0,0,0,0,0,0,0,0,0,0,0,0,0,0,1,0,0,0,0,0,0,0,0,0,0,1
CAND_0044,COc1ccc(/C(C)=N/NC(=O)CNC(=O)c2cccnc2)cc1OC,11.84698425,11.84698425,0.197974929,-0.442530576,0.576201529,10.80769231,356.382,336.222,356.1484551,136,0,0.258961685,-0.492869546,0.492869546,0.258961685,1.115384615,1.884615385,2.538461538,16.50782209,10.11808206,2.088454022,-2.093454848,2.27165583,-2.348100641,5.999832301,-0.119623814,2.696361159,1.916117888,774.9405391,18.94094682,14.77597902,14.77597902,12.54524386,7.785762126,7.785762126,5.226333798,5.226333798,3.482850538,3.482850538,2.071246045,2.071246045,-3.42,2.696361159,18.91207654,9.164693176,5.036387828,150.7780576,14.79051451,0,11.49902367,0,11.81435946,0,14.57305289,5.425791397,5.101407526,0,0,37.25557254,17.95713863,32.03948798,19.06280028,17.52604446,0,15.72655852,5.101407526,6.9237372,20.76435149,53.85242547,0,11.49902367,20.21630591,0,11.49902367,0,43.27437447,4.794537184,0,22.84517737,47.82693001,0,0,0,101.91,5.907179729,9.589074368,0,12.45193614,22.77416016,5.563451492,6.196843572,57.6720112,0,20.82796605,9.473725908,10.4203875,0,27.54185685,6.531787921,4.127784593,0.344184696,8.568470217,2.987842517,1.547807965,3.096544405,0.222222222,26,2,8,0,0,0,2,1,1,2,0,0,6,2,8,1,7,0,0,0,0,0,6.666283799,2,1.369,96.4699,0,0,0,0,0,1,0,0,0,0,2,2,0,0,0,2,2,0,0,0,0,0,0,0,0,0,0,2,0,0,0,0,0,0,1,0,0,0,0,0,0,2,0,0,0,0,1,0,0,0,0,0,0,0,0,2,0,0,0,0,0,0,0,0,0,0,0,0,0,0,0,0,0,1,0,0,0,0,0,0,0,0,0,0,0
CAND_0045,FC(F)(F)c1ccc(N2CCN(c3nnc(Cc4ccccc4Cl)c4c3CCC4)CC2)nc1,12.80036952,12.80036952,0.563935924,-4.373728466,0.536230727,16.24242424,473.93,450.746,473.1594081,172,0,0.417391514,-0.353071852,0.417391514,0.353071852,0.878787879,1.606060606,2.303030303,35.49569232,10.02644963,2.313116933,-2.363300612,2.33620219,-2.471541262,6.309086706,-0.137356002,3.309420467,1.301259521,1101.765525,23.00142475,17.946232,18.70216095,15.89799805,11.03799546,11.41595993,8.426075495,8.833275622,6.395655694,6.764383417,4.643836388,4.846385074,-2.87,3.309420467,21.9486354,8.817152727,4.486492627,194.7653455,9.799819462,5.817862778,5.817862778,0,0,6.176298517,0,4.983978521,18.26992695,5.098681808,29.8000411,48.58846906,49.38277562,11.25737949,13.17124514,23.23666545,0,15.18134214,0,31.85958501,35.97884509,75.56541326,0,0,9.799819462,24.8069707,0,11.60093989,41.36036776,25.43876339,0,34.36855558,42.59504598,5.022633314,0,0,45.15,11.73975001,13.17124514,0,0,38.41771002,53.62355109,17.19327005,0,29.165378,20.08125187,11.60093989,38.40110856,6.351322663,8.274803085,9.937904385,3.867990932,1.499525874,10.34830251,0.255798115,2.757688314,0,0.375,33,0,5,1,1,2,0,1,2,3,0,0,5,0,9,3,4,0,1,1,0,0,5.864377894,5,4.9499,121.98,0,0,0,0,0,3,0,0,0,0,0,0,0,0,0,5,0,0,0,0,0,0,0,0,0,3,0,0,0,2,0,0,0,0,1,0,1,0,0,0,0,0,0,0,4,0,0,0,0,0,0,0,0,0,0,0,0,0,0,0,0,0,0,0,0,0,0,0,0,0,1,0,0,1,0,0,0,0,0,0,0,0,0,0,0
CAND_0046,CN1c2cc3c(cc2CCC1(C)C)c(C(F)(F)F)cc(=O)n3C,13.30281439,13.30281439,0.068273573,-4.54191858,0.737856615,17.43478261,324.346,305.194,324.1449479,124,0,0.416761129,-0.369178736,0.416761129,0.369178736,1.130434783,1.782608696,2.391304348,19.41318184,9.861841169,2.354162775,-2.426131304,2.403077285,-2.443756404,5.880905567,-0.135955257,2.447846577,2.383954143,821.70785,17.15433606,13.58283327,13.58283327,10.5206925,7.499082826,7.499082826,6.822547186,6.822547186,5.027765417,5.027765417,3.213417568,3.213417568,-1.98,2.447846577,15.89828285,4.756752644,2.402331582,131.8743549,9.467009379,0,0,0,5.559266895,6.176298517,4.794537184,0,13.17124514,0,0,44.38530327,36.77424678,11.08015221,13.17124514,16.59031121,0,4.567099648,7.047671983,38.40434142,11.94758171,39.67980827,0,0,10.45917663,18.85863142,0,0,17.15369688,19.64479212,0,31.39519901,22.99363839,0,10.90292493,0,25.24,17.2990169,17.96578233,0,10.92514947,11.58306779,24.09248101,11.61477163,12.13273414,7.047671983,18.74738413,0,41.18651762,0,14.00617319,0.089311224,0.522520786,0,3.992154313,-2.946806304,4.204963467,3.445165698,0.470588235,23,0,3,0,1,1,0,1,1,2,0,0,3,0,6,2,0,0,0,0,0,0,3.288008652,3,3.7183,84.994,0,0,0,0,0,1,0,0,0,0,0,0,0,0,0,2,0,0,0,0,0,0,0,0,0,3,0,0,0,1,2,0,0,0,1,0,2,0,0,0,0,0,0,0,3,0,0,0,0,0,0,0,0,0,0,0,0,0,0,0,0,0,0,0,0,0,0,0,0,0,0,0,0,1,0,0,0,0,0,0,0,0,0,0,0
CAND_0047,Cc1[nH]c2cc([C@@H]3CCCCN3C(=O)c3ccccc3O)nn2c(=O)c1C,13.05644891,13.05644891,0.024766434,-0.222992252,0.729537203,17.40740741,366.421,344.245,366.1691906,140,0,0.276957753,-0.507121644,0.507121644,0.276957753,1.259259259,2.037037037,2.814814815,16.25685354,9.977614922,2.314295332,-2.34467141,2.326037943,-2.384099135,5.966665616,0.060238183,3.098166694,1.759956127,1053.322105,19.12902755,15.3978797,15.3978797,12.96923425,9.152332898,9.152332898,7.073675124,7.073675124,5.359026293,5.359026293,3.702560523,3.702560523,-3.09,3.098166694,17.33015149,6.571293808,2.886390652,155.8052246,14.99041565,11.39668905,0,0,11.46644662,0,9.589074368,0,9.614079702,0,12.13273414,45.24267341,23.86850296,17.29922032,9.901064579,11.55435695,0,19.49796795,0,39.1517801,6.544756406,63.20039839,0,5.749511833,5.559266895,0,5.749511833,0,37.05643148,0,13.8474744,52.61360186,35.12637253,0,5.647177221,0,90.7,0,14.69560176,0,28.82125078,23.44931311,24.95639286,10.58176496,30.02274814,12.99010427,10.08266033,0,1.36995827,0,30.50469817,14.56978502,2.889759281,-0.239077764,8.192446036,2.65755766,4.221539997,0,0.35,27,2,7,0,1,1,1,1,2,3,1,0,5,2,7,3,2,0,1,1,0,0,4.217833969,4,2.71244,101.022,0,0,0,0,0,3,1,1,0,0,1,1,0,0,0,3,1,0,0,0,1,1,0,0,0,0,0,1,0,0,1,0,0,0,1,0,1,0,0,0,0,0,0,0,0,0,0,0,0,0,0,0,0,0,0,0,0,0,0,0,0,0,0,0,1,1,1,0,0,1,0,0,0,0,0,0,0,0,0,0,0,0,0,0,0
CAND_0048,COc1ccc(C(=O)N2CCC[C@H](C(=O)Nc3ccccc3O)C2)c2ccccc12,13.30732545,13.30732545,0.027124646,-0.327019768,0.643390943,16.3,404.466,380.274,404.1736072,154,0,0.254008998,-0.505774054,0.505774054,0.254008998,1.033333333,1.766666667,2.533333333,16.46569398,9.950635591,2.297040341,-2.321376204,2.302845361,-2.434052532,6.084852061,-0.120680165,2.791222377,1.537027943,1068.343415,21.08721119,16.79845215,16.79845215,14.5797187,10.02084571,10.02084571,7.457687056,7.457687056,5.575704176,5.575704176,3.996008688,3.996008688,-3.54,2.791222377,19.76246681,8.449117019,3.807699426,174.6243867,20.06008868,11.49902367,0,5.907179729,5.907179729,0,9.589074368,0,0,0,36.39820241,42.49333573,24.03918852,18.71508986,19.43246472,28.27419416,0,4.899909731,5.917906046,12.84164325,25.51609896,66.22712218,0,11.49902367,10.05365156,5.687386275,11.49902367,0,42.02010694,4.794537184,5.917906046,23.19963192,60.66367068,0,10.77244843,0,78.87,0,14.69560176,0,23.48177734,30.7611722,22.94278189,6.066367068,36.27517555,30.33183534,5.316788604,4.736862954,5.424182176,0,27.79378659,14.40254552,0.986352237,0.147528604,17.8933506,1.449657504,0.956522503,1.612740927,0.25,30,2,6,0,1,1,2,3,0,3,1,0,4,2,6,1,4,0,1,1,0,0,5.565846487,4,4.0449,115.864,0,0,0,0,0,0,0,1,0,0,2,2,0,0,0,1,1,0,0,0,1,0,0,0,0,0,0,2,0,1,0,0,0,0,3,0,1,0,0,0,0,1,0,0,0,0,0,0,0,0,0,0,0,0,0,1,0,0,0,0,0,0,0,0,2,1,1,0,0,1,0,0,0,0,0,0,0,0,0,0,0,0,0,0,0
CAND_0049,CC(=O)Nc1ccn(Cc2ccccc2)n1,10.82035734,10.82035734,0.10651749,-0.10651749,0.849442963,10.0625,215.256,202.152,215.105862,82,0,0.221948185,-0.309463107,0.309463107,0.221948185,1.3125,2.0625,2.75,16.14841064,10.20810881,2.001302269,-2.007350726,2.054564817,-2.072751683,5.868980109,-0.113759078,2.658416895,2.055758355,459.7933496,11.38046889,9.051234147,9.051234147,7.737183443,5.08840306,5.08840306,3.565342533,3.565342533,2.132159324,2.132159324,1.467247188,1.467247188,-2.1,2.658416895,10.41889555,4.612936542,2.696056521,93.90194141,5.316788604,0,5.817862778,5.907179729,0,0,9.476340119,0,5.098681808,0,30.33183534,5.563451492,19.18694784,6.544756406,4.794537184,11.72504251,0,9.780484743,0,13.46849361,5.316788604,48.15849747,0,0,5.316788604,5.817862778,0,0,15.68766447,11.33929359,0,12.48718869,42.59504598,0,0,0,46.92,0,4.794537184,0,5.907179729,12.36261918,0,12.48718869,10.74817,36.52867891,10.41547041,0,1.792268519,0,10.82035734,6.870484536,1.180532407,0.479992809,11.83363244,1.845509259,2.177222695,0,0.166666667,16,1,4,0,0,0,1,1,1,2,0,0,3,1,4,1,3,0,0,0,0,0,3.003856499,2,1.8898,62.0747,0,0,0,0,0,2,0,0,0,0,1,1,0,0,0,2,1,0,0,0,0,0,0,0,0,0,0,1,0,1,0,0,0,0,1,0,0,0,0,0,0,0,0,0,0,0,0,0,0,0,0,0,0,0,0,0,0,0,0,0,0,0,0,0,0,0,0,0,0,0,0,0,0,0,0,0,0,0,0,0,0,0,0,0,0
CAND_0050,C=C/C=C/C#CC1=CC=C(C#CC)SS1,3.572168969,3.572168969,1.051264172,1.051264172,0.3802847,14.2,230.357,220.277,230.0223923,74,0,0.068910375,-0.100731543,0.100731543,0.068910375,1.2,1.866666667,2.4,33.11466302,10.37212188,2.025771469,-2.026901481,2.385769273,-1.765686098,8.793559768,1.860159995,2.270947338,2.649832375,433.9006574,10.93287513,8.410354708,10.04334787,7.363703305,4.349188651,6.499018566,2.467658124,4.680644269,1.366517374,3.612607405,0.7738593,2.566940992,-1.22,2.270947338,11.85256894,7.122089664,4.697911836,98.99894604,0,0,0,0,0,0,0,0,0,5.920434319,36.49227885,46.73959347,0,9.810273028,0,21.58779595,0,0,0,6.9237372,0,46.76930925,0,23.68173728,0,0,0,21.58779595,0,0,23.68173728,6.9237372,46.76930925,0,0,0,0,0,0,0,0,0,9.810273028,0,33.73983617,25.15179752,30.26067296,0,0,0,2.129674929,0,0,11.86502315,0,9.302901709,5.410643265,3.29175695,0.076923077,15,0,0,0,1,1,0,0,0,0,0,0,2,0,2,1,1,0,0,0,0,0,5.627670583,1,3.9181,71.911,0,0,0,0,0,0,0,0,0,0,0,0,0,0,0,0,0,0,0,0,0,0,0,0,0,0,7,0,0,0,0,0,0,0,0,0,0,0,0,0,0,0,0,0,0,0,0,0,0,0,0,0,0,0,0,0,0,0,0,0,0,0,0,0,0,0,0,0,0,0,0,0,0,0,0,0,0,0,0,0,0,0,0,0,0
